date,ticker,action,price,shares,weight,combo_rank,rebalance_id,pnl,reason
2000-01-04,VMC,BUY,26.86955714377628,1860.8419830834966,0.04999999999999999,1.0,1,0.0,rebalance
2000-01-04,EFX,BUY,10.177480829933476,4914.376824979137,0.04999999999999999,2.0,1,0.0,rebalance
2000-01-04,BSX,BUY,11.4375,4377.979104504479,0.04999999999999999,3.0,1,0.0,rebalance
2000-01-04,STE,BUY,7.2796550989151,6880.383275292272,0.04999999999999999,4.0,1,0.0,rebalance
2000-01-04,DGX,BUY,5.261259684234173,9519.928591509431,0.04999999999999999,5.0,1,0.0,rebalance
2000-01-04,HST,BUY,3.301095485687256,15177.558113553661,0.04999999999999999,6.0,1,0.0,rebalance
2000-01-04,BKR,BUY,8.879332100903547,5644.7110413233395,0.04999999999999999,7.0,1,0.0,rebalance
2000-01-04,IBM,BUY,55.29724415441322,906.8206900311382,0.04999999999999999,8.0,1,0.0,rebalance
2000-01-04,SPGI,BUY,17.387273591856115,2886.517696554918,0.04999999999999999,9.0,1,0.0,rebalance
2000-01-04,GD,BUY,14.701200807007133,3415.389621223265,0.04999999999999999,10.0,1,0.0,rebalance
2000-01-04,DIS,BUY,22.50547064360345,2226.7898949572036,0.04999999999999999,11.0,1,0.0,rebalance
2000-01-04,AMGN,BUY,41.37996826171875,1210.8398298963343,0.04999999999999999,12.0,1,0.0,rebalance
2000-01-04,CMI,BUY,6.437033648076265,7789.674299117127,0.04999999999999999,13.0,1,0.0,rebalance
2000-01-04,TXT,BUY,28.60230872467274,1753.2050004490898,0.04999999999999999,14.0,1,0.0,rebalance
2000-01-04,OKE,BUY,1.5385687812043696,32592.440839241972,0.04999999999999999,15.0,1,0.0,rebalance
2000-01-04,CHRW,BUY,5.881714422052557,8527.854774281088,0.04999999999999999,16.0,1,0.0,rebalance
2000-01-04,INTU,BUY,24.97550428182927,2009.934141302134,0.04999999999999999,17.0,1,0.0,rebalance
2000-01-04,KO,BUY,13.435227902096635,3746.5999628294403,0.04999999999999999,18.0,1,0.0,rebalance
2000-01-04,UNP,BUY,6.40318191605945,7861.15792481113,0.04999999999999999,19.0,1,0.0,rebalance
2000-01-04,CCL,BUY,28.697175246018627,1754.0550529349207,0.04999999999999999,20.0,1,0.0,rebalance
2000-02-17,CCL,STOP,19.483873371131914,1754.0550529349207,0.0,,0,-0.321052570362825,risk_exit
2000-03-08,CMI,STOP,4.371806885395012,7789.674299117127,0.0,,0,-0.320835166567516,risk_exit
2000-03-15,TXT,STOP,19.818727791241393,1753.2050004490898,0.0,,0,-0.307093424449842,risk_exit
2000-04-04,VMC,BUY,32.3959174975652,306.8062447732939,0.04999999999999999,1.0,2,0.0,rebalance
2000-04-04,EFX,BUY,12.090201317685322,750.2546621441634,0.04999999999999999,2.0,2,0.0,rebalance
2000-04-04,BSX,BUY,10.4375,445.2912607082508,0.04999999999999999,3.0,2,0.0,rebalance
2000-04-04,STE,BUY,7.460517175904997,132.75493436338456,0.04999999999999999,4.0,2,0.0,rebalance
2000-04-04,DGX,BUY,7.0150102839019475,2343.8169412492316,0.04999999999999999,5.0,2,0.0,rebalance
2000-04-04,HST,BUY,3.633419662801277,1323.0606242218928,0.04999999999999999,6.0,2,0.0,rebalance
2000-04-04,BKR,BUY,13.759757605465976,1986.152930954553,0.04999999999999999,7.0,2,0.0,rebalance
2000-04-04,IBM,BUY,58.99725163592471,53.40544377149729,0.04999999999999999,8.0,2,0.0,rebalance
2000-04-04,SPGI,BUY,13.79434899922983,763.4193679065315,0.04999999999999999,9.0,2,0.0,rebalance
2000-04-04,GD,BUY,14.675168190048348,14.88615241538082,0.04999999999999999,10.0,2,0.0,rebalance
2000-04-04,DIS,BUY,31.367004014260008,621.9214703794689,0.04999999999999999,11.0,2,0.0,rebalance
2000-04-04,AMGN,BUY,40.128548741472656,43.626524450711486,0.04999999999999999,12.0,2,0.0,rebalance
2000-04-04,CMI,BUY,5.213531835848035,9655.41670526208,0.04999999999999999,13.0,2,0.0,rebalance
2000-04-04,TXT,BUY,25.145313655519946,2000.1026926199788,0.04999999999999999,14.0,2,0.0,rebalance
2000-04-04,OKE,BUY,1.5721991062164307,639.9858227515069,0.04999999999999999,15.0,2,0.0,rebalance
2000-04-04,CHRW,BUY,5.441720499711878,703.6684223831362,0.04999999999999999,16.0,2,0.0,rebalance
2000-04-04,INTU,BUY,22.270284281388157,245.6428455637672,0.04999999999999999,17.0,2,0.0,rebalance
2000-04-04,KO,BUY,11.796179448221066,511.01707707744936,0.04999999999999999,18.0,2,0.0,rebalance
2000-04-04,UNP,BUY,5.813685769988569,777.7015736845242,0.04999999999999999,19.0,2,0.0,rebalance
2000-04-04,CCL,BUY,14.626985604001074,3433.5774265500086,0.04999999999999999,20.0,2,0.0,rebalance
2000-04-12,INTU,STOP,17.706918604982913,2255.5769868659013,0.0,,0,-0.2910285852420028,risk_exit
2000-04-19,DGX,TAKE_PROFIT,9.838664523589085,7176.1116502602,0.0,,0,0.8700207011395973,risk_exit
2000-05-12,BKR,TAKE_PROFIT,16.011146833806514,3658.5581103687864,0.0,,0,0.8031927009664663,risk_exit
2000-07-05,VMC,BUY,30.460007363798223,151.82506374196055,0.04999999999999999,1.0,3,0.0,rebalance
2000-07-05,EFX,BUY,12.54642710004534,22.845150280425514,0.04999999999999999,2.0,3,0.0,rebalance
2000-07-05,BSX,BUY,10.53125,110.44245764006246,0.04999999999999999,3.0,3,0.0,rebalance
2000-07-05,STE,BUY,6.556209564208984,1177.7183785239858,0.04999999999999999,4.0,3,0.0,rebalance
2000-07-05,DGX,BUY,13.125573462527937,3958.7020033897907,0.04999999999999999,5.0,3,0.0,rebalance
2000-07-05,HST,BUY,3.896169880681107,520.5045693928296,0.04999999999999999,6.0,3,0.0,rebalance
2000-07-05,BKR,BUY,14.644337434035082,3547.457083217135,0.04999999999999999,7.0,3,0.0,rebalance
2000-07-05,IBM,BUY,51.35067789263432,158.40353815608955,0.04999999999999999,8.0,3,0.0,rebalance
2000-07-05,SPGI,BUY,16.661974164746923,530.7087818890932,0.04999999999999999,9.0,3,0.0,rebalance
2000-07-05,GD,BUY,15.203650106702533,11.5887951886898,0.04999999999999999,10.0,3,0.0,rebalance
2000-07-05,DIS,BUY,28.92889968756604,191.8293271552318,0.04999999999999999,11.0,3,0.0,rebalance
2000-07-05,AMGN,BUY,46.30216942511808,131.91659592293922,0.04999999999999999,12.0,3,0.0,rebalance
2000-07-05,CMI,BUY,3.848913130599461,3849.783119419637,0.04999999999999999,13.0,3,0.0,rebalance
2000-07-05,TXT,BUY,21.57076977748497,410.35179813397417,0.04999999999999999,14.0,3,0.0,rebalance
2000-07-05,OKE,BUY,1.7267098502586158,1841.7861071830048,0.04999999999999999,15.0,3,0.0,rebalance
2000-07-05,CHRW,BUY,7.1568105457965,1966.8316205744259,0.04999999999999999,16.0,3,0.0,rebalance
2000-07-05,INTU,BUY,17.761570815498946,2926.5832193664105,0.04999999999999999,17.0,3,0.0,rebalance
2000-07-05,KO,BUY,13.979301610906074,540.6414600307085,0.04999999999999999,18.0,3,0.0,rebalance
2000-07-05,UNP,BUY,5.766410791306269,372.1405951284669,0.04999999999999999,19.0,3,0.0,rebalance
2000-07-05,CCL,BUY,12.175768115852453,833.9790995799249,0.04999999999999999,20.0,3,0.0,rebalance
2000-09-21,TXT,STOP,17.600753342831087,2410.454490753953,0.0,,0,-0.3000384252925261,risk_exit
2000-10-03,VMC,BUY,28.248182142334898,376.75968229043156,0.04999999999999999,1.0,4,0.0,rebalance
2000-10-03,EFX,BUY,12.946356930663043,402.6238747859934,0.04999999999999999,2.0,4,0.0,rebalance
2000-10-03,BSX,BUY,8.25,2195.89475164959,0.04999999999999999,3.0,4,0.0,rebalance
2000-10-03,STE,BUY,9.359560535800073,1643.875107578372,0.04999999999999999,4.0,4,0.0,rebalance
2000-10-03,DGX,BUY,20.93474604602031,1151.2529720662492,0.04999999999999999,5.0,4,0.0,rebalance
2000-10-03,HST,BUY,4.691493511199951,806.3761595195283,0.04999999999999999,6.0,4,0.0,rebalance
2000-10-03,BKR,BUY,16.817532981859777,52.6976077516706,0.04999999999999999,7.0,4,0.0,rebalance
2000-10-03,IBM,BUY,57.856956498395526,4.013042622176272,0.04999999999999999,8.0,4,0.0,rebalance
2000-10-03,SPGI,BUY,19.712160038473694,137.6760857102713,0.04999999999999999,9.0,4,0.0,rebalance
2000-10-03,GD,BUY,18.29369354248047,205.97815126033356,0.04999999999999999,10.0,4,0.0,rebalance
2000-10-03,DIS,BUY,29.632201691377496,186.67650455340777,0.04999999999999999,11.0,4,0.0,rebalance
2000-10-03,AMGN,BUY,45.36362578359883,173.02009553770768,0.04999999999999999,12.0,4,0.0,rebalance
2000-10-03,CMI,BUY,4.379592484694261,88.66951593962585,0.04999999999999999,13.0,4,0.0,rebalance
2000-10-03,TXT,BUY,17.867804076340025,3288.5457041786426,0.04999999999999999,14.0,4,0.0,rebalance
2000-10-03,OKE,BUY,2.5496204330660603,7076.9830182132355,0.04999999999999999,15.0,4,0.0,rebalance
2000-10-03,CHRW,BUY,8.308344968159993,196.58098378176237,0.04999999999999999,16.0,4,0.0,rebalance
2000-10-03,INTU,BUY,24.10108914162483,489.9651282545565,0.04999999999999999,17.0,4,0.0,rebalance
2000-10-03,KO,BUY,13.722919324394336,563.2018755203276,0.04999999999999999,18.0,4,0.0,rebalance
2000-10-03,UNP,BUY,5.796425204368154,1122.2333863876993,0.04999999999999999,19.0,4,0.0,rebalance
2000-10-03,CCL,BUY,14.990489491245203,349.33889602864747,0.04999999999999999,20.0,4,0.0,rebalance
2000-10-03,BSX,STOP,8.25,7129.607574502383,0.0,,0,-0.2786885245901639,risk_exit
2000-10-17,DGX,TAKE_PROFIT,23.62602571151799,2807.4490313235415,0.0,,0,0.7999995031811513,risk_exit
2000-11-29,OKE,TAKE_PROFIT,2.789822748918959,23033.685891094225,0.0,,0,0.8132583885753393,risk_exit
2001-01-03,VMC,BUY,32.63285444137898,185.61843853471373,0.04999999999999999,1.0,5,0.0,rebalance
2001-01-03,EFX,BUY,13.453536344655904,57.67239796868398,0.04999999999999999,2.0,5,0.0,rebalance
2001-01-03,BSX,BUY,6.78125,9129.106407245785,0.04999999999999999,3.0,5,0.0,rebalance
2001-01-03,STE,BUY,11.755965363745595,1016.698649354098,0.04999999999999999,4.0,5,0.0,rebalance
2001-01-03,DGX,BUY,23.372347303235117,2647.910833748256,0.04999999999999999,5.0,5,0.0,rebalance
2001-01-03,HST,BUY,5.515038379274571,1295.364051114575,0.04999999999999999,6.0,5,0.0,rebalance
2001-01-03,BKR,BUY,19.143431026278748,258.85547782324284,0.04999999999999999,7.0,5,0.0,rebalance
2001-01-03,IBM,BUY,40.813336968755415,501.9994232065063,0.04999999999999999,8.0,5,0.0,rebalance
2001-01-03,SPGI,BUY,17.277566487447174,604.6446584930131,0.04999999999999999,9.0,5,0.0,rebalance
2001-01-03,GD,BUY,22.04038130327893,401.3923895212656,0.04999999999999999,10.0,5,0.0,rebalance
2001-01-03,DIS,BUY,21.149836948634825,946.3167181903766,0.04999999999999999,11.0,5,0.0,rebalance
2001-01-03,AMGN,BUY,42.17253311171447,173.63885230236497,0.04999999999999999,12.0,5,0.0,rebalance
2001-01-03,CMI,BUY,5.3281502614968765,1788.0215378478115,0.04999999999999999,13.0,5,0.0,rebalance
2001-01-03,TXT,BUY,18.483926539763825,63.47162133757138,0.04999999999999999,14.0,5,0.0,rebalance
2001-01-03,OKE,BUY,3.029763307394632,20449.825731427456,0.04999999999999999,15.0,5,0.0,rebalance
2001-01-03,CHRW,BUY,9.148571380197184,297.49059492926335,0.04999999999999999,16.0,5,0.0,rebalance
2001-01-03,INTU,BUY,15.876121102905273,1464.8971580560833,0.04999999999999999,17.0,5,0.0,rebalance
2001-01-03,KO,BUY,14.68209015669199,61.50518194291635,0.04999999999999999,18.0,5,0.0,rebalance
2001-01-03,UNP,BUY,7.70809058436641,2097.6602105235033,0.04999999999999999,19.0,5,0.0,rebalance
2001-01-03,CCL,BUY,17.133091083242874,302.87994470683043,0.04999999999999999,20.0,5,0.0,rebalance
2001-02-12,STE,TAKE_PROFIT,13.1594454395962,5264.772962520403,0.0,,0,0.8077017744367276,risk_exit
2001-03-13,DGX,STOP,15.441850568517784,2647.910833748256,0.0,,0,-0.3393110940816638,risk_exit
2001-03-30,INTU,STOP,12.214499086947054,3901.5152491679373,0.0,,0,-0.31230749724632767,risk_exit
2001-04-03,CCL,SELL,16.776912967386057,3615.3376853944555,0.0,,6,0.14698362475976534,rebalance
2001-04-03,VMC,BUY,32.64489882098318,35.21413409903175,0.04999999999999999,1.0,6,0.0,rebalance
2001-04-03,EFX,BUY,14.463017059577032,399.27562270533963,0.04999999999999999,2.0,6,0.0,rebalance
2001-04-03,BSX,BUY,9.970000267028809,3033.4451478042174,0.04999999999999999,3.0,6,0.0,rebalance
2001-04-03,STE,BUY,9.657975462607146,6292.596685469716,0.04999999999999999,4.0,6,0.0,rebalance
2001-04-03,HST,BUY,5.191037623668965,479.5686902448979,0.04999999999999999,5.0,6,0.0,rebalance
2001-04-03,BKR,BUY,15.470035379687788,694.0485842111525,0.04999999999999999,6.0,6,0.0,rebalance
2001-04-03,DGX,BUY,15.41890976069539,3942.942880051857,0.04999999999999999,7.0,6,0.0,rebalance
2001-04-03,IBM,BUY,46.153326934023696,200.57236179227493,0.04999999999999999,8.0,6,0.0,rebalance
2001-04-03,SPGI,BUY,18.08546815516347,224.62577211397183,0.04999999999999999,9.0,6,0.0,rebalance
2001-04-03,GD,BUY,18.95201701339037,396.55250261054425,0.04999999999999999,10.0,6,0.0,rebalance
2001-04-03,ALGN,BUY,7.25,8385.783583028884,0.04999999999999999,11.0,6,0.0,rebalance
2001-04-03,DIS,BUY,20.945891074698284,27.120214410141216,0.04999999999999999,12.0,6,0.0,rebalance
2001-04-03,AMGN,BUY,37.542323521205354,150.208512825021,0.04999999999999999,13.0,6,0.0,rebalance
2001-04-03,CMI,BUY,5.313344373338503,185.53796332575803,0.04999999999999999,14.0,6,0.0,rebalance
2001-04-03,TXT,BUY,22.231916392291033,617.182637699837,0.04999999999999999,15.0,6,0.0,rebalance
2001-04-03,OKE,BUY,2.623659573275347,2722.52754022897,0.04999999999999999,16.0,6,0.0,rebalance
2001-04-03,CHRW,BUY,8.12410120639753,712.8375795542315,0.04999999999999999,17.0,6,0.0,rebalance
2001-04-03,INTU,BUY,10.684265719095865,5690.335163294968,0.04999999999999999,18.0,6,0.0,rebalance
2001-04-03,KO,BUY,11.073231595195816,1276.6951611764016,0.04999999999999999,19.0,6,0.0,rebalance
2001-04-03,UNP,BUY,8.730530738830566,1065.3444989740547,0.04999999999999999,20.0,6,0.0,rebalance
2001-05-23,HST,TAKE_PROFIT,6.004883779913038,11711.821399549734,0.0,,0,0.8190578872827967,risk_exit
2001-07-03,VMC,BUY,38.99850186754912,68.27780392205159,0.04999999999999999,1.0,7,0.0,rebalance
2001-07-03,EFX,BUY,17.563217916286824,219.85840596210392,0.04999999999999999,2.0,7,0.0,rebalance
2001-07-03,BSX,BUY,8.675000190734863,1967.093180276126,0.04999999999999999,3.0,7,0.0,rebalance
2001-07-03,STE,BUY,14.613567363392209,1505.6256634718266,0.04999999999999999,4.0,7,0.0,rebalance
2001-07-03,HST,BUY,5.578256601009211,12539.923472435563,0.04999999999999999,5.0,7,0.0,rebalance
2001-07-03,BKR,BUY,14.882984448365116,770.1067935875571,0.04999999999999999,6.0,7,0.0,rebalance
2001-07-03,DGX,BUY,26.03054622731593,1255.6803844479055,0.04999999999999999,7.0,7,0.0,rebalance
2001-07-03,IBM,BUY,55.73427287376661,61.88177889893177,0.04999999999999999,8.0,7,0.0,rebalance
2001-07-03,SPGI,BUY,20.45445910870405,59.05970150495159,0.04999999999999999,9.0,7,0.0,rebalance
2001-07-03,GD,BUY,22.53486723647459,103.03318026687657,0.04999999999999999,10.0,7,0.0,rebalance
2001-07-03,ALGN,BUY,8.0,360.0514790542147,0.04999999999999999,11.0,7,0.0,rebalance
2001-07-03,DIS,BUY,21.70124115064819,321.51582608585886,0.04999999999999999,12.0,7,0.0,rebalance
2001-07-03,AMGN,BUY,41.07964082822046,83.78174924701875,0.04999999999999999,13.0,7,0.0,rebalance
2001-07-03,CMI,BUY,5.7505327430992645,724.0997030031776,0.04999999999999999,14.0,7,0.0,rebalance
2001-07-03,TXT,BUY,22.05771316087637,437.1685404484997,0.04999999999999999,15.0,7,0.0,rebalance
2001-07-03,OKE,BUY,2.625635771132401,3474.5167703494444,0.04999999999999999,16.0,7,0.0,rebalance
2001-07-03,CHRW,BUY,8.704216467164082,554.5979534009721,0.04999999999999999,17.0,7,0.0,rebalance
2001-07-03,INTU,BUY,16.815013050986288,1529.451233707241,0.04999999999999999,18.0,7,0.0,rebalance
2001-07-03,KO,BUY,11.094924426438308,809.5828306353042,0.04999999999999999,19.0,7,0.0,rebalance
2001-07-03,UNP,BUY,8.402320478604809,1355.1913919945437,0.04999999999999999,20.0,7,0.0,rebalance
2001-07-19,EFX,TAKE_PROFIT,17.74600581915829,3982.4392566417823,0.0,,0,0.7436540648609884,risk_exit
2001-09-18,OKE,STOP,2.095647533142933,26646.87004200587,0.0,,0,-0.30831311870859246,risk_exit
2001-09-18,DIS,STOP,15.099472687967749,3224.0865861524685,0.0,,0,-0.3290754533827378,risk_exit
2001-09-19,HST,STOP,3.8176472917257085,12539.923472435563,0.0,,0,-0.3156199929857969,risk_exit
2001-09-19,ALGN,STOP,4.860000133514404,8745.835062083099,0.0,,0,-0.32965515399801315,risk_exit
2001-09-28,GD,TAKE_PROFIT,26.59217415630705,3104.8357600120244,0.0,,0,0.8088436791933513,risk_exit
2001-10-02,VMC,BUY,30.200597130473266,211.78196679652388,0.04999999999999999,1.0,8,0.0,rebalance
2001-10-02,EFX,BUY,17.374661037388737,3485.620165430536,0.04999999999999999,2.0,8,0.0,rebalance
2001-10-02,BSX,BUY,10.324999809265137,2195.204939316892,0.04999999999999999,3.0,8,0.0,rebalance
2001-10-02,STE,BUY,13.02199025659414,134.1888419302386,0.04999999999999999,4.0,8,0.0,rebalance
2001-10-02,HST,BUY,3.2666823198040658,18547.213131295524,0.04999999999999999,5.0,8,0.0,rebalance
2001-10-02,BKR,BUY,13.146854987326066,91.51586158867121,0.04999999999999999,6.0,8,0.0,rebalance
2001-10-02,DGX,BUY,20.85973917159713,217.3127958123673,0.04999999999999999,7.0,8,0.0,rebalance
2001-10-02,IBM,BUY,45.14514902826387,86.70062540614936,0.04999999999999999,8.0,8,0.0,rebalance
2001-10-02,SPGI,BUY,15.390803366735248,516.0817593700585,0.04999999999999999,9.0,8,0.0,rebalance
2001-10-02,GD,BUY,25.81075633168947,2349.6324201631087,0.04999999999999999,10.0,8,0.0,rebalance
2001-10-02,ALGN,BUY,3.259999990463257,18603.002955962165,0.04999999999999999,11.0,8,0.0,rebalance
2001-10-02,DIS,BUY,13.70962636352402,4397.131563278514,0.04999999999999999,12.0,8,0.0,rebalance
2001-10-02,AMGN,BUY,39.21086745196264,166.34333419815198,0.04999999999999999,13.0,8,0.0,rebalance
2001-10-02,CMI,BUY,4.633740529036994,838.1408312436106,0.04999999999999999,14.0,8,0.0,rebalance
2001-10-02,TXT,BUY,13.716090788257594,1221.5791553188133,0.04999999999999999,15.0,8,0.0,rebalance
2001-10-02,OKE,BUY,2.2047534368251966,27333.11297233452,0.04999999999999999,16.0,8,0.0,rebalance
2001-10-02,CHRW,BUY,8.495661052682495,944.6963448597598,0.04999999999999999,17.0,8,0.0,rebalance
2001-10-02,INTU,BUY,15.848786567154544,358.58947258703756,0.04999999999999999,18.0,8,0.0,rebalance
2001-10-02,KO,BUY,11.373263133233989,1006.5011639960476,0.04999999999999999,19.0,8,0.0,rebalance
2001-10-02,UNP,BUY,6.984925786026197,302.1068283598397,0.04999999999999999,20.0,8,0.0,rebalance
2001-11-08,INTU,TAKE_PROFIT,19.56069701744252,3802.2944570006894,0.0,,0,0.830794696773772,risk_exit
2001-11-19,BSX,TAKE_PROFIT,12.475000381469727,5867.549500400802,0.0,,0,0.8396313926591301,risk_exit
2002-01-03,VMC,BUY,34.02231714155764,50.395942233978076,0.04999999999999999,1.0,9,0.0,rebalance
2002-01-03,EFX,BUY,19.356610993962175,127.56491287202334,0.04999999999999999,2.0,9,0.0,rebalance
2002-01-03,BSX,BUY,11.449999809265137,6108.305232690839,0.04999999999999999,3.0,9,0.0,rebalance
2002-01-03,STE,BUY,12.9496401228462,746.378491550071,0.04999999999999999,4.0,9,0.0,rebalance
2002-01-03,HST,BUY,4.293354092024062,2260.9749445176567,0.04999999999999999,5.0,9,0.0,rebalance
2002-01-03,BKR,BUY,15.890708507606728,208.32515128386513,0.04999999999999999,6.0,9,0.0,rebalance
2002-01-03,DGX,BUY,24.516368957150778,52.61746581808529,0.04999999999999999,7.0,9,0.0,rebalance
2002-01-03,IBM,BUY,59.50056920932407,166.96880370148688,0.04999999999999999,8.0,9,0.0,rebalance
2002-01-03,SPGI,BUY,18.579923569819098,173.52966186425874,0.04999999999999999,9.0,9,0.0,rebalance
2002-01-03,GD,BUY,23.92383315337712,573.0020691993846,0.04999999999999999,10.0,9,0.0,rebalance
2002-01-03,ALGN,BUY,4.5,3065.56191502613,0.04999999999999999,11.0,9,0.0,rebalance
2002-01-03,DIS,BUY,16.870403104400612,250.8678468009366,0.04999999999999999,12.0,9,0.0,rebalance
2002-01-03,AMGN,BUY,37.74254691740589,316.6325326221047,0.04999999999999999,13.0,9,0.0,rebalance
2002-01-03,CMI,BUY,5.668937622989415,665.3720981423485,0.04999999999999999,14.0,9,0.0,rebalance
2002-01-03,TXT,BUY,17.40245913613613,373.8239408556615,0.04999999999999999,15.0,9,0.0,rebalance
2002-01-03,OKE,BUY,2.328887383832094,2705.054039179191,0.04999999999999999,16.0,9,0.0,rebalance
2002-01-03,CHRW,BUY,8.867378232947557,796.19755054079,0.04999999999999999,17.0,9,0.0,rebalance
2002-01-03,INTU,BUY,18.056684172542393,3874.5504135281585,0.04999999999999999,18.0,9,0.0,rebalance
2002-01-03,KO,BUY,11.761654281236464,651.5525102711954,0.04999999999999999,19.0,9,0.0,rebalance
2002-01-03,UNP,BUY,8.710455786617288,593.4566205574738,0.04999999999999999,20.0,9,0.0,rebalance
2002-01-10,ALGN,TAKE_PROFIT,6.230000019073486,15537.441040936035,0.0,,0,0.9110429562265681,risk_exit
2002-03-15,DGX,TAKE_PROFIT,28.384779642178465,2851.9578255982337,0.0,,0,0.8409070474317579,risk_exit
2002-04-02,VMC,BUY,34.01805364947419,272.6702123246746,0.04999999999999999,1.0,10,0.0,rebalance
2002-04-02,EFX,BUY,23.2934414137186,212.790182815535,0.04999999999999999,2.0,10,0.0,rebalance
2002-04-02,BSX,BUY,12.350000381469727,305.2294538237975,0.04999999999999999,3.0,10,0.0,rebalance
2002-04-02,STE,BUY,15.308071735674726,224.90724766292988,0.04999999999999999,4.0,10,0.0,rebalance
2002-04-02,HST,BUY,5.553362511506935,2023.1962358189849,0.04999999999999999,5.0,10,0.0,rebalance
2002-04-02,BKR,BUY,16.984618625530395,263.0080271941697,0.04999999999999999,6.0,10,0.0,rebalance
2002-04-02,DGX,BUY,28.593032942185,2770.014709059742,0.04999999999999999,7.0,10,0.0,rebalance
2002-04-02,IBM,BUY,50.0169894794395,410.1551266870554,0.04999999999999999,8.0,10,0.0,rebalance
2002-04-02,SPGI,BUY,21.189387661760573,20.80084501314377,0.04999999999999999,9.0,10,0.0,rebalance
2002-04-02,GD,BUY,29.018870028804383,189.97603179358885,0.04999999999999999,10.0,10,0.0,rebalance
2002-04-02,ALGN,BUY,5.349999904632568,14822.721607766516,0.04999999999999999,11.0,10,0.0,rebalance
2002-04-02,DIS,BUY,17.404764984354518,415.5851240316215,0.04999999999999999,12.0,10,0.0,rebalance
2002-04-02,AMGN,BUY,40.71253871518697,96.758504556361,0.04999999999999999,13.0,10,0.0,rebalance
2002-04-02,CMI,BUY,6.867106758759805,777.3639172483763,0.04999999999999999,14.0,10,0.0,rebalance
2002-04-02,TXT,BUY,20.609859725007702,167.23562533100767,0.04999999999999999,15.0,10,0.0,rebalance
2002-04-02,OKE,BUY,2.8401562039913277,2081.9620243126737,0.04999999999999999,16.0,10,0.0,rebalance
2002-04-02,CHRW,BUY,10.287452934527254,171.2809546276867,0.04999999999999999,17.0,10,0.0,rebalance
2002-04-02,INTU,BUY,16.618274392426468,903.3553120225647,0.04999999999999999,18.0,10,0.0,rebalance
2002-04-02,KO,BUY,12.938555801526938,187.51643595152564,0.04999999999999999,19.0,10,0.0,rebalance
2002-04-02,UNP,BUY,9.248405143731967,552.3670663409885,0.04999999999999999,20.0,10,0.0,rebalance
2002-04-11,CHRW,TAKE_PROFIT,10.846049583993553,7718.2757813873195,0.0,,0,0.8440285953578446,risk_exit
2002-04-29,ALGN,STOP,3.509999990463257,14822.721607766516,0.0,,0,-0.3439252237324443,risk_exit
2002-05-07,IBM,STOP,37.703959278965826,1585.2640579449242,0.0,,0,-0.3181584388965122,risk_exit
2002-06-07,AMGN,STOP,27.14392269528542,1950.2466713165327,0.0,,0,-0.3440322978595254,risk_exit
2002-07-02,VMC,BUY,31.026263762383074,45.99316389707474,0.04999999999999999,1.0,11,0.0,rebalance
2002-07-02,EFX,BUY,21.218498600735902,71.44606798799941,0.04999999999999999,2.0,11,0.0,rebalance
2002-07-02,BSX,BUY,14.489999771118164,1329.528215808623,0.04999999999999999,3.0,11,0.0,rebalance
2002-07-02,STE,BUY,13.962463849040608,102.43434009658085,0.04999999999999999,4.0,11,0.0,rebalance
2002-07-02,HST,BUY,5.240690491267174,204.8494347517826,0.04999999999999999,5.0,11,0.0,rebalance
2002-07-02,BKR,BUY,14.879868994258196,288.0728232828478,0.04999999999999999,6.0,11,0.0,rebalance
2002-07-02,DGX,BUY,28.236523632559987,160.8166143979047,0.04999999999999999,7.0,11,0.0,rebalance
2002-07-02,IBM,BUY,33.336449102635235,2209.9828499019236,0.04999999999999999,8.0,11,0.0,rebalance
2002-07-02,SPGI,BUY,18.30183365875215,282.3190532420108,0.04999999999999999,9.0,11,0.0,rebalance
2002-07-02,GD,BUY,31.44863707945185,390.4130486719837,0.04999999999999999,10.0,11,0.0,rebalance
2002-07-02,ALGN,BUY,3.25,22664.728269983225,0.04999999999999999,11.0,11,0.0,rebalance
2002-07-02,DIS,BUY,13.87037435690186,769.2023682151066,0.04999999999999999,12.0,11,0.0,rebalance
2002-07-02,AMGN,BUY,25.64890271839656,2883.13519998886,0.04999999999999999,13.0,11,0.0,rebalance
2002-07-02,CMI,BUY,4.792621641635982,3865.9320768868292,0.04999999999999999,14.0,11,0.0,rebalance
2002-07-02,TXT,BUY,18.730066724315602,95.2751478735754,0.04999999999999999,15.0,11,0.0,rebalance
2002-07-02,OKE,BUY,2.953558152272927,2920.860826230637,0.04999999999999999,16.0,11,0.0,rebalance
2002-07-02,CHRW,BUY,10.15064456979957,7284.596003733777,0.04999999999999999,17.0,11,0.0,rebalance
2002-07-02,INTU,BUY,20.58811939069188,1186.3514995729834,0.04999999999999999,18.0,11,0.0,rebalance
2002-07-02,KO,BUY,14.168400271426716,919.6147355961293,0.04999999999999999,19.0,11,0.0,rebalance
2002-07-02,UNP,BUY,9.913265855095181,1128.1277634823718,0.04999999999999999,20.0,11,0.0,rebalance
2002-07-11,ALGN,STOP,1.8600000143051147,22664.728269983225,0.0,,0,-0.42769230329073393,risk_exit
2002-07-24,DGX,STOP,18.883177327476492,2609.1980946618373,0.0,,0,-0.3395881659123675,risk_exit
2002-09-24,CMI,STOP,3.6295134075846867,15428.407403311414,0.0,,0,-0.3038282834242425,risk_exit
2002-10-01,STE,TAKE_PROFIT,18.028219560185004,5276.687764051373,0.0,,0,0.8666665317161959,risk_exit
2002-10-02,VMC,BUY,26.42160867048796,143.89194736163017,0.04999999999999999,1.0,12,0.0,rebalance
2002-10-02,EFX,BUY,18.23502600353834,176.93467003872638,0.04999999999999999,2.0,12,0.0,rebalance
2002-10-02,BSX,BUY,18.5,1487.3995561121765,0.04999999999999999,3.0,12,0.0,rebalance
2002-10-02,STE,BUY,18.433348714447856,3619.1330260415652,0.04999999999999999,4.0,12,0.0,rebalance
2002-10-02,HST,BUY,4.246686826939306,1651.169546141211,0.04999999999999999,5.0,12,0.0,rebalance
2002-10-02,BKR,BUY,13.707475082727825,84.01809517086076,0.04999999999999999,6.0,12,0.0,rebalance
2002-10-02,DGX,BUY,21.929200936987332,3042.4343400181497,0.04999999999999999,7.0,12,0.0,rebalance
2002-10-02,IBM,BUY,30.125869574531713,5.109260651191107,0.04999999999999999,8.0,12,0.0,rebalance
2002-10-02,SPGI,BUY,19.82001780567018,657.8234514218866,0.04999999999999999,9.0,12,0.0,rebalance
2002-10-02,GD,BUY,25.275688523355235,297.944121751138,0.04999999999999999,10.0,12,0.0,rebalance
2002-10-02,ALGN,BUY,2.8299999237060547,23580.42761666259,0.04999999999999999,11.0,12,0.0,rebalance
2002-10-02,DIS,BUY,11.984859833424409,248.82974086171726,0.04999999999999999,12.0,12,0.0,rebalance
2002-10-02,AMGN,BUY,29.633387913776875,626.4208741613606,0.04999999999999999,13.0,12,0.0,rebalance
2002-10-02,CMI,BUY,3.6220564410969227,18462.09395810378,0.04999999999999999,14.0,12,0.0,rebalance
2002-10-02,TXT,BUY,15.336741334953391,414.6124135111386,0.04999999999999999,15.0,12,0.0,rebalance
2002-10-02,OKE,BUY,2.6498722409081914,212.84261850910843,0.04999999999999999,16.0,12,0.0,rebalance
2002-10-02,CHRW,BUY,8.72075088856144,387.27424178896945,0.04999999999999999,17.0,12,0.0,rebalance
2002-10-02,INTU,BUY,20.62746995640244,348.07789362063295,0.04999999999999999,18.0,12,0.0,rebalance
2002-10-02,KO,BUY,12.525795762669699,123.30499354393032,0.04999999999999999,19.0,12,0.0,rebalance
2002-10-02,UNP,BUY,9.09203481300038,99.91882037395317,0.04999999999999999,20.0,12,0.0,rebalance
2002-10-29,ALGN,STOP,1.9700000286102295,23580.42761666259,0.0,,0,-0.30388689691892423,risk_exit
2002-11-29,BSX,TAKE_PROFIT,20.989999771118164,3596.6069145938372,0.0,,0,0.8331877834734485,risk_exit
2003-01-03,VMC,BUY,27.790785250029018,11.415692241651868,0.04999999999999999,1.0,13,0.0,rebalance
2003-01-03,EFX,BUY,19.14449277534927,23.367360318763986,0.04999999999999999,2.0,13,0.0,rebalance
2003-01-03,BSX,BUY,21.600000381469727,3254.6982978128167,0.04999999999999999,3.0,13,0.0,rebalance
2003-01-03,STE,BUY,17.869055209833082,314.16935382235897,0.04999999999999999,4.0,13,0.0,rebalance
2003-01-03,HST,BUY,4.153352529051178,1212.556434420716,0.04999999999999999,5.0,13,0.0,rebalance
2003-01-03,BKR,BUY,15.367063952353226,293.68831937944105,0.04999999999999999,6.0,13,0.0,rebalance
2003-01-03,DGX,BUY,20.824439190557587,332.5497436821852,0.04999999999999999,7.0,13,0.0,rebalance
2003-01-03,IBM,BUY,39.81088920342342,449.6919370569758,0.04999999999999999,8.0,13,0.0,rebalance
2003-01-03,SPGI,BUY,19.598087529673354,219.3698792996297,0.04999999999999999,9.0,13,0.0,rebalance
2003-01-03,GD,BUY,24.56512745401684,220.92295243867284,0.04999999999999999,10.0,13,0.0,rebalance
2003-01-03,ALGN,BUY,2.7799999713897705,25281.387969214153,0.04999999999999999,11.0,13,0.0,rebalance
2003-01-03,DIS,BUY,13.340112156366143,316.12802169540373,0.04999999999999999,12.0,13,0.0,rebalance
2003-01-03,AMGN,BUY,33.00386787871011,129.1135657894465,0.04999999999999999,13.0,13,0.0,rebalance
2003-01-03,CMI,BUY,4.3378098564836565,2274.290231625957,0.04999999999999999,14.0,13,0.0,rebalance
2003-01-03,TXT,BUY,18.825329049706777,632.5319399063219,0.04999999999999999,15.0,13,0.0,rebalance
2003-01-03,OKE,BUY,2.705010919024381,709.5361642882744,0.04999999999999999,16.0,13,0.0,rebalance
2003-01-03,CHRW,BUY,9.952235257560604,616.5784280742964,0.04999999999999999,17.0,13,0.0,rebalance
2003-01-03,INTU,BUY,20.675566866187495,152.64310648605078,0.04999999999999999,18.0,13,0.0,rebalance
2003-01-03,KO,BUY,11.254430387523605,897.8216114321012,0.04999999999999999,19.0,13,0.0,rebalance
2003-01-03,UNP,BUY,9.477918721848646,50.051587872982054,0.04999999999999999,20.0,13,0.0,rebalance
2003-03-03,GD,STOP,18.362539713915083,2861.1124830867316,0.0,,0,-0.28857025815356474,risk_exit
2003-03-11,KO,STOP,9.307608489773866,6239.029916871874,0.0,,0,-0.307223624519137,risk_exit
2003-03-14,ALGN,TAKE_PROFIT,5.0,25281.387969214153,0.0,,0,0.7985611695889381,risk_exit
2003-03-21,TXT,STOP,12.075525396063794,3729.878438875413,0.0,,0,-0.32417406501262136,risk_exit
2003-04-02,VMC,BUY,22.798963716556628,417.7532220633002,0.04999999999999999,1.0,14,0.0,rebalance
2003-04-02,EFX,BUY,16.53440125068638,391.7542297768059,0.04999999999999999,2.0,14,0.0,rebalance
2003-04-02,BSX,BUY,20.899999618530273,39.73720513537182,0.04999999999999999,3.0,14,0.0,rebalance
2003-04-02,STE,BUY,20.256427295456653,616.193491936674,0.04999999999999999,4.0,14,0.0,rebalance
2003-04-02,HST,BUY,3.374015904078,2998.6060277131364,0.04999999999999999,5.0,14,0.0,rebalance
2003-04-02,BKR,BUY,14.232602869533759,148.3242220683469,0.04999999999999999,6.0,14,0.0,rebalance
2003-04-02,DGX,BUY,21.600947320796774,263.770083740229,0.04999999999999999,7.0,14,0.0,rebalance
2003-04-02,IBM,BUY,39.4929060991114,63.65071084998294,0.04999999999999999,8.0,14,0.0,rebalance
2003-04-02,SPGI,BUY,18.22500287130867,101.48151375559337,0.04999999999999999,9.0,14,0.0,rebalance
2003-04-02,GD,BUY,16.697349217296498,4025.026912451425,0.04999999999999999,10.0,14,0.0,rebalance
2003-04-02,ALGN,BUY,5.949999809265137,11298.932182855271,0.04999999999999999,11.0,14,0.0,rebalance
2003-04-02,DIS,BUY,13.417400640799965,251.09111867368938,0.04999999999999999,12.0,14,0.0,rebalance
2003-04-02,AMGN,BUY,39.69805168766099,433.32825213779256,0.04999999999999999,13.0,14,0.0,rebalance
2003-04-02,CMI,BUY,3.837454552989842,1342.8792735014504,0.04999999999999999,14.0,14,0.0,rebalance
2003-04-02,TXT,BUY,12.160267243728956,5531.546532749444,0.04999999999999999,15.0,14,0.0,rebalance
2003-04-02,OKE,BUY,2.5959232581029497,80.21625107870932,0.04999999999999999,16.0,14,0.0,rebalance
2003-04-02,CHRW,BUY,10.328539391713596,551.3691488144195,0.04999999999999999,17.0,14,0.0,rebalance
2003-04-02,INTU,BUY,16.395295535869593,701.2600908468676,0.04999999999999999,18.0,14,0.0,rebalance
2003-04-02,KO,BUY,10.384328646104029,6468.438384791939,0.04999999999999999,19.0,14,0.0,rebalance
2003-04-02,UNP,BUY,8.875435369526425,152.69232799104793,0.04999999999999999,20.0,14,0.0,rebalance
2003-06-12,ALGN,TAKE_PROFIT,10.979999542236328,11298.932182855271,0.0,,0,0.8453781334813906,risk_exit
2003-07-02,VMC,BUY,27.60643653224912,2.7928014828462437,0.04999999999999999,1.0,15,0.0,rebalance
2003-07-02,EFX,BUY,21.230456338321066,227.67994326293638,0.04999999999999999,2.0,15,0.0,rebalance
2003-07-02,BSX,BUY,30.469999313354492,542.0157260620572,0.04999999999999999,3.0,15,0.0,rebalance
2003-07-02,STE,BUY,16.508982537301534,1616.2526189112614,0.04999999999999999,4.0,15,0.0,rebalance
2003-07-02,HST,BUY,4.2326872436845315,678.6635806470731,0.04999999999999999,5.0,15,0.0,rebalance
2003-07-02,BKR,BUY,15.57021993448389,508.8062984711478,0.04999999999999999,6.0,15,0.0,rebalance
2003-07-02,DGX,BUY,22.179795283111012,560.7546189163777,0.04999999999999999,7.0,15,0.0,rebalance
2003-07-02,IBM,BUY,41.570753262255494,257.4022689660849,0.04999999999999999,8.0,15,0.0,rebalance
2003-07-02,SPGI,BUY,19.71157410188191,443.91050141674305,0.04999999999999999,9.0,15,0.0,rebalance
2003-07-02,GD,BUY,22.50872233202487,406.8242622150133,0.04999999999999999,10.0,15,0.0,rebalance
2003-07-02,ALGN,BUY,13.109999656677246,6212.137385390433,0.04999999999999999,11.0,15,0.0,rebalance
2003-07-02,DIS,BUY,15.457835841190134,254.52937072075565,0.04999999999999999,12.0,15,0.0,rebalance
2003-07-02,AMGN,BUY,44.196483986178364,147.9168985661372,0.04999999999999999,13.0,15,0.0,rebalance
2003-07-02,CMI,BUY,5.4775032122989735,2666.891050119173,0.04999999999999999,14.0,15,0.0,rebalance
2003-07-02,TXT,BUY,16.605367655333584,628.1578872148848,0.04999999999999999,15.0,15,0.0,rebalance
2003-07-02,OKE,BUY,2.827240874784363,2921.79804347557,0.04999999999999999,16.0,15,0.0,rebalance
2003-07-02,CHRW,BUY,11.098068696196847,832.8509649852676,0.04999999999999999,17.0,15,0.0,rebalance
2003-07-02,INTU,BUY,19.669985533770593,42.159408029979204,0.04999999999999999,18.0,15,0.0,rebalance
2003-07-02,KO,BUY,11.777406295387973,445.19514246862855,0.04999999999999999,19.0,15,0.0,rebalance
2003-07-02,UNP,BUY,9.148085525481688,1339.6233818535602,0.04999999999999999,20.0,15,0.0,rebalance
2003-07-09,AMGN,TAKE_PROFIT,46.619206550330176,1842.1894064663977,0.0,,0,0.8175906806684856,risk_exit
2003-07-28,CMI,TAKE_PROFIT,6.852219508437042,14863.791949860099,0.0,,0,0.8918036258876958,risk_exit
2003-10-02,VMC,BUY,30.482130964742336,152.80967000671353,0.04999999999999999,1.0,16,0.0,rebalance
2003-10-02,EFX,BUY,18.267663593680176,831.6468009291475,0.04999999999999999,2.0,16,0.0,rebalance
2003-10-02,BSX,BUY,32.77000045776367,70.84070624637297,0.04999999999999999,3.0,16,0.0,rebalance
2003-10-02,STE,BUY,16.63921375474556,191.31141424275665,0.04999999999999999,4.0,16,0.0,rebalance
2003-10-02,HST,BUY,5.142691435025499,2660.946209009886,0.04999999999999999,5.0,16,0.0,rebalance
2003-10-02,BKR,BUY,14.190228795460062,778.3346518849712,0.04999999999999999,6.0,16,0.0,rebalance
2003-10-02,DGX,BUY,21.69977082369423,257.6621634409862,0.04999999999999999,7.0,16,0.0,rebalance
2003-10-02,IBM,BUY,44.43280758005529,40.03137506528242,0.04999999999999999,8.0,16,0.0,rebalance
2003-10-02,SPGI,BUY,20.172823528858036,95.38951315330542,0.04999999999999999,9.0,16,0.0,rebalance
2003-10-02,GD,BUY,24.288949931553546,107.52081032265596,0.04999999999999999,10.0,16,0.0,rebalance
2003-10-02,ALGN,BUY,12.779999732971191,460.02487308677155,0.04999999999999999,11.0,16,0.0,rebalance
2003-10-02,DIS,BUY,16.09933495404546,29.415308905135134,0.04999999999999999,12.0,16,0.0,rebalance
2003-10-02,AMGN,BUY,43.98290647515317,1938.749592119033,0.04999999999999999,13.0,16,0.0,rebalance
2003-10-02,CMI,BUY,7.000867542277338,12183.693967719102,0.04999999999999999,14.0,16,0.0,rebalance
2003-10-02,TXT,BUY,17.57345077387423,49.57268110632231,0.04999999999999999,15.0,16,0.0,rebalance
2003-10-02,OKE,BUY,2.9371103448811584,242.19264383752306,0.04999999999999999,16.0,16,0.0,rebalance
2003-10-02,CHRW,BUY,12.202823967813178,346.73846089341714,0.04999999999999999,17.0,16,0.0,rebalance
2003-10-02,INTU,BUY,21.27016669177514,129.27993021119073,0.04999999999999999,18.0,16,0.0,rebalance
2003-10-02,KO,BUY,11.198336543494195,703.3251537550259,0.04999999999999999,19.0,16,0.0,rebalance
2003-10-02,UNP,BUY,9.293324975286042,277.5208087469018,0.04999999999999999,20.0,16,0.0,rebalance
2003-12-04,TXT,TAKE_PROFIT,22.005583658043232,4853.815964428237,0.0,,0,0.8096299379761986,risk_exit
2004-01-05,VMC,BUY,37.44060993742709,282.5489771352227,0.04999999999999999,1.0,17,0.0,rebalance
2004-01-05,EFX,BUY,19.4070018608471,185.3790631869988,0.04999999999999999,2.0,17,0.0,rebalance
2004-01-05,BSX,BUY,36.5,21.647842454813144,0.04999999999999999,3.0,17,0.0,rebalance
2004-01-05,STE,BUY,16.55962887948826,563.071963622313,0.04999999999999999,4.0,17,0.0,rebalance
2004-01-05,HST,BUY,5.7073617272850266,78.20316430874664,0.04999999999999999,5.0,17,0.0,rebalance
2004-01-05,BKR,BUY,14.888233205030973,317.2069809382865,0.04999999999999999,6.0,17,0.0,rebalance
2004-01-05,DGX,BUY,25.751711355199124,272.11832035723137,0.04999999999999999,7.0,17,0.0,rebalance
2004-01-05,IBM,BUY,45.73112893202854,140.54046754249316,0.04999999999999999,8.0,17,0.0,rebalance
2004-01-05,SPGI,BUY,22.236164263335752,8.820343096372198,0.04999999999999999,9.0,17,0.0,rebalance
2004-01-05,GD,BUY,27.598561687780663,97.8562261293423,0.04999999999999999,10.0,17,0.0,rebalance
2004-01-05,ALGN,BUY,17.190000534057617,1192.8632160293364,0.04999999999999999,11.0,17,0.0,rebalance
2004-01-05,DIS,BUY,18.468261488721083,194.93651823501204,0.04999999999999999,12.0,17,0.0,rebalance
2004-01-05,AMGN,BUY,41.887224358291036,310.5991396662407,0.04999999999999999,13.0,17,0.0,rebalance
2004-01-05,CMI,BUY,7.689592372181626,68.54526470127712,0.04999999999999999,14.0,17,0.0,rebalance
2004-01-05,TXT,BUY,24.783770095281504,3801.4477149904596,0.04999999999999999,15.0,17,0.0,rebalance
2004-01-05,OKE,BUY,3.1690853666999432,687.6495987117523,0.04999999999999999,16.0,17,0.0,rebalance
2004-01-05,CHRW,BUY,12.034991954882823,838.3375299036215,0.04999999999999999,17.0,17,0.0,rebalance
2004-01-05,INTU,BUY,22.953423899019555,94.20462010459323,0.04999999999999999,18.0,17,0.0,rebalance
2004-01-05,KO,BUY,12.889932716139578,308.0733278251628,0.04999999999999999,19.0,17,0.0,rebalance
2004-01-05,UNP,BUY,10.966423176212487,587.4158355731688,0.04999999999999999,20.0,17,0.0,rebalance
2004-01-15,HST,TAKE_PROFIT,5.95002818734488,16502.711570516458,0.0,,0,0.821428472329002,risk_exit
2004-01-23,BSX,TAKE_PROFIT,38.79999923706055,2580.4568179142016,0.0,,0,0.7962962292512923,risk_exit
2004-04-02,VMC,BUY,36.50657411286384,198.61832523142903,0.04999999999999999,1.0,18,0.0,rebalance
2004-04-02,EFX,BUY,21.201682573253223,181.1570755178309,0.04999999999999999,2.0,18,0.0,rebalance
2004-04-02,BSX,BUY,44.04999923706055,2248.759290909249,0.04999999999999999,3.0,18,0.0,rebalance
2004-04-02,STE,BUY,19.142315863878245,516.518031808545,0.04999999999999999,4.0,18,0.0,rebalance
2004-04-02,HST,BUY,6.0433615625132475,16380.297458481735,0.04999999999999999,5.0,18,0.0,rebalance
2004-04-02,BKR,BUY,16.681501627591977,393.1689637016334,0.04999999999999999,6.0,18,0.0,rebalance
2004-04-02,DGX,BUY,29.3738185359345,288.0818662022616,0.04999999999999999,7.0,18,0.0,rebalance
2004-04-02,IBM,BUY,46.576999429904376,65.33318849646912,0.04999999999999999,8.0,18,0.0,rebalance
2004-04-02,SPGI,BUY,24.934534205223084,266.49809243177333,0.04999999999999999,9.0,18,0.0,rebalance
2004-04-02,GD,BUY,27.784271414317324,149.4787196678949,0.04999999999999999,10.0,18,0.0,rebalance
2004-04-02,ALGN,BUY,20.0,530.517127765911,0.04999999999999999,11.0,18,0.0,rebalance
2004-04-02,DIS,BUY,20.192595767086477,199.99728636467626,0.04999999999999999,12.0,18,0.0,rebalance
2004-04-02,AMGN,BUY,39.81152317688157,236.90706647752359,0.04999999999999999,13.0,18,0.0,rebalance
2004-04-02,CMI,BUY,9.24983837990387,1552.1987101743125,0.04999999999999999,14.0,18,0.0,rebalance
2004-04-02,TXT,BUY,23.474777221679688,415.0047148171752,0.04999999999999999,15.0,18,0.0,rebalance
2004-04-02,OKE,BUY,3.340390176793859,100.14953277615132,0.04999999999999999,16.0,18,0.0,rebalance
2004-04-02,CHRW,BUY,13.543681960392016,520.7229118134583,0.04999999999999999,17.0,18,0.0,rebalance
2004-04-02,INTU,BUY,20.30831482504145,769.1213022581542,0.04999999999999999,18.0,18,0.0,rebalance
2004-04-02,KO,BUY,13.134945874006526,225.6634044512839,0.04999999999999999,19.0,18,0.0,rebalance
2004-04-02,UNP,BUY,9.574478124430314,1745.4209356227839,0.04999999999999999,20.0,18,0.0,rebalance
2004-06-03,GD,TAKE_PROFIT,30.065972517116464,3562.304333452308,0.0,,0,0.8006434509959004,risk_exit
2004-07-02,UNP,SELL,9.471027956336721,10336.284059309943,0.0,,19,0.47911274121120706,rebalance
2004-07-02,VMC,BUY,35.258737534709844,56.47596693647938,0.04999999999999999,1.0,19,0.0,rebalance
2004-07-02,EFX,BUY,19.607261269266665,308.9569658305563,0.04999999999999999,2.0,19,0.0,rebalance
2004-07-02,BSX,BUY,43.400001525878906,1.609036629500224,0.04999999999999999,3.0,19,0.0,rebalance
2004-07-02,STE,BUY,16.277489083468502,828.8344607272138,0.04999999999999999,4.0,19,0.0,rebalance
2004-07-02,BKR,BUY,17.76137709406676,434.23004630070227,0.04999999999999999,5.0,19,0.0,rebalance
2004-07-02,DGX,BUY,30.047080122854894,118.95064163703046,0.04999999999999999,6.0,19,0.0,rebalance
2004-07-02,HST,BUY,5.819360574340571,402.70708202636524,0.04999999999999999,7.0,19,0.0,rebalance
2004-07-02,IBM,BUY,43.62819044397619,113.62766018441107,0.04999999999999999,8.0,19,0.0,rebalance
2004-07-02,SPGI,BUY,24.65397001497843,7.832957662686113,0.04999999999999999,9.0,19,0.0,rebalance
2004-07-02,CRM,BUY,3.956549761195186,24684.92691353858,0.04999999999999999,10.0,19,0.0,rebalance
2004-07-02,ALGN,BUY,18.5,329.375391156178,0.04999999999999999,11.0,19,0.0,rebalance
2004-07-02,GD,BUY,30.40418354919192,3211.7137142659876,0.04999999999999999,12.0,19,0.0,rebalance
2004-07-02,DIS,BUY,19.779067939726954,35.94736019240008,0.04999999999999999,13.0,19,0.0,rebalance
2004-07-02,AMGN,BUY,36.641297064542734,179.08172997394422,0.04999999999999999,14.0,19,0.0,rebalance
2004-07-02,CMI,BUY,9.62078988345446,549.0457967581169,0.04999999999999999,15.0,19,0.0,rebalance
2004-07-02,TXT,BUY,25.647331255136525,408.651036150834,0.04999999999999999,16.0,19,0.0,rebalance
2004-07-02,OKE,BUY,3.190923624004186,976.7400834531327,0.04999999999999999,17.0,19,0.0,rebalance
2004-07-02,CHRW,BUY,14.49972830039027,572.3413888808618,0.04999999999999999,18.0,19,0.0,rebalance
2004-07-02,INTU,BUY,16.63576509787536,997.0008287929222,0.04999999999999999,19.0,19,0.0,rebalance
2004-07-02,KO,BUY,13.082505598178749,69.75556389188296,0.04999999999999999,20.0,19,0.0,rebalance
2004-08-06,CRM,STOP,2.6786582056468458,24684.92691353858,0.0,,0,-0.3229812924587905,risk_exit
2004-10-04,VMC,BUY,39.374418758696784,201.60279013905802,0.04999999999999999,1.0,20,0.0,rebalance
2004-10-04,EFX,BUY,21.699252839247038,320.66079781951066,0.04999999999999999,2.0,20,0.0,rebalance
2004-10-04,BSX,BUY,39.650001525878906,300.12192770210504,0.04999999999999999,3.0,20,0.0,rebalance
2004-10-04,STE,BUY,16.060454670732078,296.40372365807343,0.04999999999999999,4.0,20,0.0,rebalance
2004-10-04,BKR,BUY,21.09092535050554,704.2437308890349,0.04999999999999999,5.0,20,0.0,rebalance
2004-10-04,DGX,BUY,31.236181712986415,13.106475886653243,0.04999999999999999,6.0,20,0.0,rebalance
2004-10-04,HST,BUY,6.650032134295615,1576.5838507924254,0.04999999999999999,7.0,20,0.0,rebalance
2004-10-04,IBM,BUY,43.495582106800356,86.29385425386545,0.04999999999999999,8.0,20,0.0,rebalance
2004-10-04,SPGI,BUY,25.675285282580873,22.985654908684864,0.04999999999999999,9.0,20,0.0,rebalance
2004-10-04,CRM,BUY,4.214585048337192,23993.571227069766,0.04999999999999999,10.0,20,0.0,rebalance
2004-10-04,ALGN,BUY,15.760000228881836,1128.9198372444052,0.04999999999999999,11.0,20,0.0,rebalance
2004-10-04,GD,BUY,31.95939514370936,52.28973424745527,0.04999999999999999,12.0,20,0.0,rebalance
2004-10-04,DIS,BUY,18.52288440363415,513.6518609295854,0.04999999999999999,13.0,20,0.0,rebalance
2004-10-04,AMGN,BUY,38.93052277981863,71.99825082865118,0.04999999999999999,14.0,20,0.0,rebalance
2004-10-04,CMI,BUY,11.828998143418854,1615.9166038803978,0.04999999999999999,15.0,20,0.0,rebalance
2004-10-04,TXT,BUY,28.932955884020316,318.2926015566991,0.04999999999999999,16.0,20,0.0,rebalance
2004-10-04,OKE,BUY,3.894078631944073,4678.3883224741985,0.04999999999999999,17.0,20,0.0,rebalance
2004-10-04,CHRW,BUY,15.107097996773348,52.011907587887436,0.04999999999999999,18.0,20,0.0,rebalance
2004-10-04,INTU,BUY,20.548770178168418,957.1490042446385,0.04999999999999999,19.0,20,0.0,rebalance
2004-10-04,KO,BUY,10.493459803201514,2157.4803856872777,0.04999999999999999,20.0,20,0.0,rebalance
2004-10-27,OKE,TAKE_PROFIT,3.9785447575370188,25927.3492069167,0.0,,0,0.8045304708838772,risk_exit
2004-10-27,ALGN,STOP,9.0,6407.077143082541,0.0,,0,-0.3135011261868281,risk_exit
2004-11-26,CMI,TAKE_PROFIT,12.596351990360796,8535.078121607552,0.0,,0,0.7992558656899373,risk_exit
2005-01-04,VMC,BUY,41.218063007995646,32.26264050883083,0.04999999999999999,1.0,21,0.0,rebalance
2005-01-04,EFX,BUY,23.818596332174334,271.67323273068905,0.04999999999999999,2.0,21,0.0,rebalance
2005-01-04,BSX,BUY,34.2599983215332,500.889901980338,0.04999999999999999,3.0,21,0.0,rebalance
2005-01-04,STE,BUY,16.75495808583371,57.05638409095627,0.04999999999999999,4.0,21,0.0,rebalance
2005-01-04,DGX,BUY,33.68239768730217,133.64459820291813,0.04999999999999999,5.0,21,0.0,rebalance
2005-01-04,BKR,BUY,19.734426266463416,502.7717428509086,0.04999999999999999,6.0,21,0.0,rebalance
2005-01-04,HST,BUY,7.954314390558842,2064.1127917092435,0.04999999999999999,7.0,21,0.0,rebalance
2005-01-04,IBM,BUY,48.959527760466145,189.73223843037476,0.04999999999999999,8.0,21,0.0,rebalance
2005-01-04,SPGI,BUY,29.44110928572293,387.7996926884057,0.04999999999999999,9.0,21,0.0,rebalance
2005-01-04,CRM,BUY,4.067137221291823,1709.7903909346824,0.04999999999999999,10.0,21,0.0,rebalance
2005-01-04,ALGN,BUY,10.4399995803833,10013.424652692685,0.04999999999999999,11.0,21,0.0,rebalance
2005-01-04,GD,BUY,31.682307820762592,142.11045150602922,0.04999999999999999,12.0,21,0.0,rebalance
2005-01-04,DIS,BUY,22.215092277153836,742.698914823447,0.04999999999999999,13.0,21,0.0,rebalance
2005-01-04,AMGN,BUY,43.015148176103914,161.35417465308228,0.04999999999999999,14.0,21,0.0,rebalance
2005-01-04,CMI,BUY,13.014125596321428,8038.4282515150135,0.04999999999999999,15.0,21,0.0,rebalance
2005-01-04,TXT,BUY,32.02356407214604,223.24909999216698,0.04999999999999999,16.0,21,0.0,rebalance
2005-01-04,OKE,BUY,4.1698484277722985,25084.191521229477,0.04999999999999999,17.0,21,0.0,rebalance
2005-01-04,CHRW,BUY,17.676929317812913,766.4513334564972,0.04999999999999999,18.0,21,0.0,rebalance
2005-01-04,INTU,BUY,18.791197992638978,652.8674435818384,0.04999999999999999,19.0,21,0.0,rebalance
2005-01-04,KO,BUY,10.871113833198843,0.77719825236818,0.04999999999999999,20.0,21,0.0,rebalance
2005-03-07,SPGI,TAKE_PROFIT,31.381445367378586,3550.732992088952,0.0,,0,0.8048514162724791,risk_exit
2005-03-08,BSX,STOP,30.709999084472656,3051.3801572211923,0.0,,0,-0.30283769315856335,risk_exit
2005-03-15,ALGN,STOP,7.25,10013.424652692685,0.0,,0,-0.3055555276436305,risk_exit
2005-04-04,VMC,BUY,44.21961625548959,190.9021921394774,0.04999999999999999,1.0,22,0.0,rebalance
2005-04-04,EFX,BUY,24.898377356541044,223.65468440342738,0.04999999999999999,2.0,22,0.0,rebalance
2005-04-04,BSX,BUY,29.049999237060547,3569.8578139300366,0.04999999999999999,3.0,22,0.0,rebalance
2005-04-04,STE,BUY,17.76053906245071,404.1950226795343,0.04999999999999999,4.0,22,0.0,rebalance
2005-04-04,DGX,BUY,37.28073713892139,323.83375759111277,0.04999999999999999,5.0,22,0.0,rebalance
2005-04-04,BKR,BUY,21.902373646581072,565.7317693505729,0.04999999999999999,6.0,22,0.0,rebalance
2005-04-04,HST,BUY,7.673733726680182,363.6806938195896,0.04999999999999999,7.0,22,0.0,rebalance
2005-04-04,IBM,BUY,45.2085642423923,157.35170867097577,0.04999999999999999,8.0,22,0.0,rebalance
2005-04-04,SPGI,BUY,28.181458989896967,3677.7243390118338,0.04999999999999999,9.0,22,0.0,rebalance
2005-04-04,CRM,BUY,3.6419919018913083,2752.940991390078,0.04999999999999999,10.0,22,0.0,rebalance
2005-04-04,ALGN,BUY,5.840000152587891,17747.21057015991,0.04999999999999999,11.0,22,0.0,rebalance
2005-04-04,GD,BUY,33.78422241295219,232.40710507939502,0.04999999999999999,12.0,22,0.0,rebalance
2005-04-04,DIS,BUY,22.553594928392606,111.16487331294411,0.04999999999999999,13.0,22,0.0,rebalance
2005-04-04,AMGN,BUY,38.13631135207429,286.9036156608199,0.04999999999999999,14.0,22,0.0,rebalance
2005-04-04,CMI,BUY,11.194284288122175,1224.370047713881,0.04999999999999999,15.0,22,0.0,rebalance
2005-04-04,TXT,BUY,33.40155794317603,161.88128167237937,0.04999999999999999,16.0,22,0.0,rebalance
2005-04-04,OKE,BUY,4.678348213988158,2920.52548464774,0.04999999999999999,17.0,22,0.0,rebalance
2005-04-04,CHRW,BUY,16.349156269288763,425.29783075263276,0.04999999999999999,18.0,22,0.0,rebalance
2005-04-04,INTU,BUY,18.799943022541086,50.88473760339002,0.04999999999999999,19.0,22,0.0,rebalance
2005-04-04,KO,BUY,10.95805415586516,159.09923486700973,0.04999999999999999,20.0,22,0.0,rebalance
2005-05-19,CHRW,TAKE_PROFIT,18.288402771233418,6342.142991643431,0.0,,0,0.801698665092214,risk_exit
2005-06-15,VMC,TAKE_PROFIT,48.58614943995564,2345.1730784270835,0.0,,0,0.8082229334847639,risk_exit
2005-07-05,VMC,BUY,49.98557366718051,2204.4679646899563,0.04999999999999999,1.0,23,0.0,rebalance
2005-07-05,EFX,BUY,29.158280419647127,385.5024658153652,0.04999999999999999,2.0,23,0.0,rebalance
2005-07-05,BSX,BUY,28.75,263.26947622519174,0.04999999999999999,3.0,23,0.0,rebalance
2005-07-05,STE,BUY,18.89889806745475,5.353861469978256,0.04999999999999999,4.0,23,0.0,rebalance
2005-07-05,DGX,BUY,37.69456860675806,143.01737119486233,0.04999999999999999,5.0,23,0.0,rebalance
2005-07-05,BKR,BUY,24.71027497587885,272.816495275385,0.04999999999999999,6.0,23,0.0,rebalance
2005-07-05,HST,BUY,8.418301942689418,417.72802990173477,0.04999999999999999,7.0,23,0.0,rebalance
2005-07-05,IBM,BUY,37.428342059358194,651.253611433845,0.04999999999999999,8.0,23,0.0,rebalance
2005-07-05,SPGI,BUY,28.979686879706325,124.45198200771529,0.04999999999999999,9.0,23,0.0,rebalance
2005-07-05,CRM,BUY,4.797009788914482,5486.610379569134,0.04999999999999999,10.0,23,0.0,rebalance
2005-07-05,ALGN,BUY,7.409999847412109,2877.3265172847914,0.04999999999999999,11.0,23,0.0,rebalance
2005-07-05,GD,BUY,34.48965970221954,125.49748267666746,0.04999999999999999,12.0,23,0.0,rebalance
2005-07-05,DIS,BUY,19.74325272876372,983.3749028234633,0.04999999999999999,13.0,23,0.0,rebalance
2005-07-05,AMGN,BUY,40.60576760204646,5.402357031235169,0.04999999999999999,14.0,23,0.0,rebalance
2005-07-05,CMI,BUY,11.82365234992663,56.081325929459126,0.04999999999999999,15.0,23,0.0,rebalance
2005-07-05,TXT,BUY,34.04589768770984,131.9403033352005,0.04999999999999999,16.0,23,0.0,rebalance
2005-07-05,OKE,BUY,5.035745939972646,283.29982835572446,0.04999999999999999,17.0,23,0.0,rebalance
2005-07-05,CHRW,BUY,18.770208256375696,5870.14456192103,0.04999999999999999,18.0,23,0.0,rebalance
2005-07-05,INTU,BUY,19.5650621563229,115.13639948628497,0.04999999999999999,19.0,23,0.0,rebalance
2005-07-05,KO,BUY,11.256305893392524,324.3641996748174,0.04999999999999999,20.0,23,0.0,rebalance
2005-07-26,BKR,TAKE_PROFIT,27.08496549394019,4458.845689191443,0.0,,0,0.849517987136222,risk_exit
2005-10-04,KO,SELL,11.570766913877778,9786.761345992549,0.0,,24,0.11425276570179377,rebalance
2005-10-04,VMC,BUY,58.82064337205304,246.94261035206068,0.04999999999999999,1.0,24,0.0,rebalance
2005-10-04,EFX,BUY,28.31322686551477,287.18762561755966,0.04999999999999999,2.0,24,0.0,rebalance
2005-10-04,BSX,BUY,23.489999771118164,1068.6700994554958,0.04999999999999999,3.0,24,0.0,rebalance
2005-10-04,STE,BUY,17.279659362468387,833.2812791325623,0.04999999999999999,4.0,24,0.0,rebalance
2005-10-04,BKR,BUY,28.213706999106844,4080.903383133173,0.04999999999999999,5.0,24,0.0,rebalance
2005-10-04,DGX,BUY,36.08544051401332,267.93843579340273,0.04999999999999999,6.0,24,0.0,rebalance
2005-10-04,HST,BUY,8.12165450335846,1088.8545009342579,0.04999999999999999,7.0,24,0.0,rebalance
2005-10-04,IBM,BUY,40.681043883121184,113.43767596608541,0.04999999999999999,8.0,24,0.0,rebalance
2005-10-04,SPGI,BUY,31.381095083244112,133.01811020075638,0.04999999999999999,9.0,24,0.0,rebalance
2005-10-04,CRM,BUY,5.917621828375443,3512.068496091826,0.04999999999999999,10.0,24,0.0,rebalance
2005-10-04,ALGN,BUY,6.71999979019165,2264.9842279131135,0.04999999999999999,11.0,24,0.0,rebalance
2005-10-04,GD,BUY,37.81871435833495,149.99338197196403,0.04999999999999999,12.0,24,0.0,rebalance
2005-10-04,DIS,BUY,19.381131795367647,360.2858035842164,0.04999999999999999,13.0,24,0.0,rebalance
2005-10-04,AMGN,BUY,53.20662971858197,549.5457384445313,0.04999999999999999,14.0,24,0.0,rebalance
2005-10-04,EXPE,BUY,26.595123547953925,4329.283186284885,0.04999999999999999,15.0,24,0.0,rebalance
2005-10-04,CMI,BUY,14.071952380282397,1137.4014481840777,0.04999999999999999,16.0,24,0.0,rebalance
2005-10-04,TXT,BUY,32.08016462064648,352.54590081842844,0.04999999999999999,17.0,24,0.0,rebalance
2005-10-04,OKE,BUY,5.331357410931587,285.4418966819976,0.04999999999999999,18.0,24,0.0,rebalance
2005-10-04,CHRW,BUY,20.741796828944054,319.49867222654484,0.04999999999999999,19.0,24,0.0,rebalance
2005-10-04,INTU,BUY,19.547574319909163,259.2042479790289,0.04999999999999999,20.0,24,0.0,rebalance
2005-11-25,CRM,TAKE_PROFIT,7.667350639344048,19457.623733733566,0.0,,0,0.8192421202578648,risk_exit
2005-12-02,EFX,TAKE_PROFIT,31.386252260178107,4066.7394796238227,0.0,,0,0.8064382489326072,risk_exit
2006-01-04,VMC,BUY,53.42065977462663,326.5712511285435,0.04999999999999999,1.0,25,0.0,rebalance
2006-01-04,EFX,BUY,31.40254411394297,3885.676020630101,0.04999999999999999,2.0,25,0.0,rebalance
2006-01-04,BSX,BUY,24.600000381469727,58.36974377821571,0.04999999999999999,3.0,25,0.0,rebalance
2006-01-04,STE,BUY,18.58670860441361,98.2506537238296,0.04999999999999999,4.0,25,0.0,rebalance
2006-01-04,BKR,BUY,30.384798416989252,65.0809610498809,0.04999999999999999,5.0,25,0.0,rebalance
2006-01-04,DGX,BUY,36.80140119147154,124.76214009189198,0.04999999999999999,6.0,25,0.0,rebalance
2006-01-04,HST,BUY,9.156330507851305,850.9366167281387,0.04999999999999999,7.0,25,0.0,rebalance
2006-01-04,IBM,BUY,41.56229637552848,105.41713887745027,0.04999999999999999,8.0,25,0.0,rebalance
2006-01-04,SPGI,BUY,34.14000345736529,95.14305871071929,0.04999999999999999,9.0,25,0.0,rebalance
2006-01-04,CRM,BUY,8.367734446342432,14581.79724330468,0.04999999999999999,10.0,25,0.0,rebalance
2006-01-04,ALGN,BUY,6.300000190734863,2238.250181364394,0.04999999999999999,11.0,25,0.0,rebalance
2006-01-04,GD,BUY,36.4089465180183,307.52301374403896,0.04999999999999999,12.0,25,0.0,rebalance
2006-01-04,DIS,BUY,19.491688320885306,320.49301527014813,0.04999999999999999,13.0,25,0.0,rebalance
2006-01-04,AMGN,BUY,53.52032245605565,116.44804582255256,0.04999999999999999,14.0,25,0.0,rebalance
2006-01-04,EXPE,BUY,31.227138873228093,420.89446144549447,0.04999999999999999,15.0,25,0.0,rebalance
2006-01-04,CMI,BUY,14.551367434416816,205.89832754184408,0.04999999999999999,16.0,25,0.0,rebalance
2006-01-04,TXT,BUY,35.16001470607776,117.65453575431457,0.04999999999999999,17.0,25,0.0,rebalance
2006-01-04,OKE,BUY,4.240119044404439,7189.413246742992,0.04999999999999999,18.0,25,0.0,rebalance
2006-01-04,CHRW,BUY,24.201150578203247,507.606887734426,0.04999999999999999,19.0,25,0.0,rebalance
2006-01-04,INTU,BUY,23.456210514990076,686.4207851687142,0.04999999999999999,20.0,25,0.0,rebalance
2006-04-04,VMC,BUY,69.64749269353418,368.5181813523982,0.04999999999999999,1.0,26,0.0,rebalance
2006-04-04,EFX,BUY,30.546928358439274,481.878619523603,0.04999999999999999,2.0,26,0.0,rebalance
2006-04-04,BSX,BUY,22.549999237060547,956.2927382679118,0.04999999999999999,3.0,26,0.0,rebalance
2006-04-04,STE,BUY,17.873038438265127,899.984210958296,0.04999999999999999,4.0,26,0.0,rebalance
2006-04-04,BKR,BUY,32.38071670600515,104.58139637127124,0.04999999999999999,5.0,26,0.0,rebalance
2006-04-04,DGX,BUY,36.77191671799777,312.76064117278474,0.04999999999999999,6.0,26,0.0,rebalance
2006-04-04,HST,BUY,10.16279607484469,197.64646400850324,0.04999999999999999,7.0,26,0.0,rebalance
2006-04-04,IBM,BUY,42.09753596840098,233.60809519130999,0.04999999999999999,8.0,26,0.0,rebalance
2006-04-04,SPGI,BUY,38.1483488230018,76.53779676540489,0.04999999999999999,9.0,26,0.0,rebalance
2006-04-04,CRM,BUY,9.068118021197371,131.64596585597064,0.04999999999999999,10.0,26,0.0,rebalance
2006-04-04,ALGN,BUY,8.989999771118164,4531.794577181443,0.04999999999999999,11.0,26,0.0,rebalance
2006-04-04,GD,BUY,40.50629530575952,58.48283401405615,0.04999999999999999,12.0,26,0.0,rebalance
2006-04-04,DIS,BUY,22.16482884214487,242.39331095488978,0.04999999999999999,13.0,26,0.0,rebalance
2006-04-04,AMGN,BUY,48.00745105833231,498.61887804065873,0.04999999999999999,14.0,26,0.0,rebalance
2006-04-04,EXPE,BUY,25.241945301721238,1376.950222510583,0.04999999999999999,15.0,26,0.0,rebalance
2006-04-04,CMI,BUY,16.830400325659642,459.71759970855237,0.04999999999999999,16.0,26,0.0,rebalance
2006-04-04,TXT,BUY,42.42314328709699,326.09487350951804,0.04999999999999999,17.0,26,0.0,rebalance
2006-04-04,OKE,BUY,5.14996730513475,2876.920704755088,0.04999999999999999,18.0,26,0.0,rebalance
2006-04-04,CHRW,BUY,32.15549630000292,893.8720962801781,0.04999999999999999,19.0,26,0.0,rebalance
2006-04-04,INTU,BUY,23.416858313558887,494.5727084347063,0.04999999999999999,20.0,26,0.0,rebalance
2006-04-10,CHRW,TAKE_PROFIT,33.93544104388655,4149.166905679881,0.0,,0,0.8079416371078174,risk_exit
2006-04-21,DGX,TAKE_PROFIT,39.81170192321607,3628.373710693204,0.0,,0,0.8154652345798361,risk_exit
2006-05-18,EXPE,STOP,18.554131192562032,5285.338947349974,0.0,,0,-0.3023483737871382,risk_exit
2006-05-19,BSX,STOP,20.290000915527344,5916.459871656852,0.0,,0,-0.3015490034973093,risk_exit
2006-07-05,VMC,BUY,61.797965755592074,192.74520748340365,0.04999999999999999,1.0,27,0.0,rebalance
2006-07-05,EFX,BUY,27.79344437210648,320.30826663649714,0.04999999999999999,2.0,27,0.0,rebalance
2006-07-05,BSX,BUY,16.5,7896.595196814177,0.04999999999999999,3.0,27,0.0,rebalance
2006-07-05,STE,BUY,16.686204158504527,348.33358515607597,0.04999999999999999,4.0,27,0.0,rebalance
2006-07-05,BKR,BUY,40.10242995948832,869.3647809676049,0.04999999999999999,5.0,27,0.0,rebalance
2006-07-05,DGX,BUY,43.16048308582617,3020.697753411075,0.04999999999999999,6.0,27,0.0,rebalance
2006-07-05,HST,BUY,10.731046955656318,979.327119413856,0.04999999999999999,7.0,27,0.0,rebalance
2006-07-05,IBM,BUY,39.680667557838795,116.1897731632148,0.04999999999999999,8.0,27,0.0,rebalance
2006-07-05,SPGI,BUY,34.29087130860826,304.511449419304,0.04999999999999999,9.0,27,0.0,rebalance
2006-07-05,CRM,BUY,6.421407222747803,5587.489701954957,0.04999999999999999,10.0,27,0.0,rebalance
2006-07-05,ALGN,BUY,7.5,2544.0199619763935,0.04999999999999999,11.0,27,0.0,rebalance
2006-07-05,GD,BUY,41.81768161881916,175.33692371892312,0.04999999999999999,12.0,27,0.0,rebalance
2006-07-05,DIS,BUY,23.72416553367631,522.509074567839,0.04999999999999999,13.0,27,0.0,rebalance
2006-07-05,AMGN,BUY,43.468984046266606,220.82105933851108,0.04999999999999999,14.0,27,0.0,rebalance
2006-07-05,EXPE,BUY,19.451915591241544,6703.934370233267,0.04999999999999999,15.0,27,0.0,rebalance
2006-07-05,CMI,BUY,19.58537417049998,1267.4023995762236,0.04999999999999999,16.0,27,0.0,rebalance
2006-07-05,TXT,BUY,42.139968393585015,49.63077809619699,0.04999999999999999,17.0,27,0.0,rebalance
2006-07-05,OKE,BUY,5.478792774290029,2098.5923005741934,0.04999999999999999,18.0,27,0.0,rebalance
2006-07-05,CHRW,BUY,35.46559551355657,3677.9577778580237,0.04999999999999999,19.0,27,0.0,rebalance
2006-07-05,INTU,BUY,26.184389062694088,715.5515853866855,0.04999999999999999,20.0,27,0.0,rebalance
2006-07-07,HST,TAKE_PROFIT,10.847791200538099,12149.204862708046,0.0,,0,0.794992917158317,risk_exit
2006-07-11,CRM,STOP,5.718566431280439,20300.932911115608,0.0,,0,-0.3165932226995988,risk_exit
2006-09-21,DIS,TAKE_PROFIT,24.58338665830177,5496.659453383825,0.0,,0,0.7931478223001462,risk_exit
2006-09-29,ALGN,TAKE_PROFIT,11.579999923706055,17385.343846947577,0.0,,0,0.9828766474560084,risk_exit
2006-10-03,VMC,BUY,61.95534217185764,61.454815891595445,0.04999999999999999,1.0,28,0.0,rebalance
2006-10-03,EFX,BUY,29.800157440749306,176.83499815959476,0.04999999999999999,2.0,28,0.0,rebalance
2006-10-03,BSX,BUY,14.550000190734863,1342.6142902262245,0.04999999999999999,3.0,28,0.0,rebalance
2006-10-03,STE,BUY,17.614185769224736,180.80569191182985,0.04999999999999999,4.0,28,0.0,rebalance
2006-10-03,BKR,BUY,32.30001723651548,911.134942155345,0.04999999999999999,5.0,28,0.0,rebalance
2006-10-03,DGX,BUY,38.64560626068094,458.27627605484304,0.04999999999999999,6.0,28,0.0,rebalance
2006-10-03,HST,BUY,11.310554894773285,11897.529707533715,0.04999999999999999,7.0,28,0.0,rebalance
2006-10-03,IBM,BUY,41.82063382425429,67.83224414031883,0.04999999999999999,8.0,28,0.0,rebalance
2006-10-03,SPGI,BUY,38.536038617516056,309.9931368140119,0.04999999999999999,9.0,28,0.0,rebalance
2006-10-03,CRM,BUY,8.665088185401366,15529.653823559142,0.04999999999999999,10.0,28,0.0,rebalance
2006-10-03,ALGN,BUY,11.0,12233.256384855998,0.04999999999999999,11.0,28,0.0,rebalance
2006-10-03,GD,BUY,47.13529669972342,259.42754988227307,0.04999999999999999,12.0,28,0.0,rebalance
2006-10-03,DIS,BUY,24.24924604466211,5557.1698528179095,0.04999999999999999,13.0,28,0.0,rebalance
2006-10-03,AMGN,BUY,47.053039452086914,135.65163940206912,0.04999999999999999,14.0,28,0.0,rebalance
2006-10-03,EXPE,BUY,20.232591518072145,42.942027353317826,0.04999999999999999,15.0,28,0.0,rebalance
2006-10-03,CMI,BUY,19.30554772910877,320.58214167417646,0.04999999999999999,16.0,28,0.0,rebalance
2006-10-03,TXT,BUY,40.130378719304574,262.7973835132425,0.04999999999999999,17.0,28,0.0,rebalance
2006-10-03,OKE,BUY,6.107388245322784,1741.8693635780473,0.04999999999999999,18.0,28,0.0,rebalance
2006-10-03,CHRW,BUY,28.028866982896023,1130.386217383881,0.04999999999999999,19.0,28,0.0,rebalance
2006-10-03,INTU,BUY,28.138705328836203,192.86409813032242,0.04999999999999999,20.0,28,0.0,rebalance
2006-12-06,TXT,TAKE_PROFIT,44.609589561347,3358.2818107423973,0.0,,0,0.7999517179930613,risk_exit
2007-01-04,CHRW,SELL,28.1205692142858,4808.343995241905,0.0,,29,-0.20710286103790831,rebalance
2007-01-04,VMC,BUY,71.53304890558289,133.390528825111,0.04999999999999999,1.0,29,0.0,rebalance
2007-01-04,EFX,BUY,32.838643528517984,75.11040859512559,0.04999999999999999,2.0,29,0.0,rebalance
2007-01-04,BSX,BUY,16.739999771118164,537.3139743601969,0.04999999999999999,3.0,29,0.0,rebalance
2007-01-04,STE,BUY,18.71767838628192,149.8212747034877,0.04999999999999999,4.0,29,0.0,rebalance
2007-01-04,DGX,BUY,37.13152294650042,443.9877559139659,0.04999999999999999,5.0,29,0.0,rebalance
2007-01-04,BKR,BUY,34.23276732268138,92.97091929153703,0.04999999999999999,6.0,29,0.0,rebalance
2007-01-04,HST,BUY,12.09275121798842,148.2408009243445,0.04999999999999999,7.0,29,0.0,rebalance
2007-01-04,IBM,BUY,49.83213344787947,294.5770758485778,0.04999999999999999,8.0,29,0.0,rebalance
2007-01-04,SPGI,BUY,44.886718254255385,246.78226405169744,0.04999999999999999,9.0,29,0.0,rebalance
2007-01-04,CRM,BUY,8.849400203228477,931.0541340063373,0.04999999999999999,10.0,29,0.0,rebalance
2007-01-04,ALGN,BUY,13.4399995803833,1394.8573285969069,0.04999999999999999,11.0,29,0.0,rebalance
2007-01-04,GD,BUY,47.58364824419072,202.530165994468,0.04999999999999999,12.0,29,0.0,rebalance
2007-01-04,DIS,BUY,27.455217875528312,251.3228398368783,0.04999999999999999,13.0,29,0.0,rebalance
2007-01-04,EXPE,BUY,27.32375614776921,1329.6175120478238,0.04999999999999999,14.0,29,0.0,rebalance
2007-01-04,AMGN,BUY,46.372274313261386,277.11517782537976,0.04999999999999999,15.0,29,0.0,rebalance
2007-01-04,CMI,BUY,19.083728270561135,651.7827944601331,0.04999999999999999,16.0,29,0.0,rebalance
2007-01-04,TXT,BUY,43.39273146886965,3356.770805363676,0.04999999999999999,17.0,29,0.0,rebalance
2007-01-04,OKE,BUY,6.899653130166375,948.0131020654953,0.04999999999999999,18.0,29,0.0,rebalance
2007-01-04,INTU,BUY,25.882712578250405,840.2221330443026,0.04999999999999999,19.0,29,0.0,rebalance
2007-01-04,UNP,BUY,15.4180288031955,9450.51707161247,0.04999999999999999,20.0,29,0.0,rebalance
2007-02-15,CMI,TAKE_PROFIT,23.46519545365474,7632.6214413656535,0.0,,0,0.8030558626456941,risk_exit
2007-02-22,VMC,TAKE_PROFIT,97.32679129245392,2036.387918663929,0.0,,0,0.9470976154137183,risk_exit
2007-04-03,VMC,BUY,92.50829134021427,1632.4110613851904,0.04999999999999999,1.0,30,0.0,rebalance
2007-04-03,EFX,BUY,30.452278261542777,523.0402507795543,0.04999999999999999,2.0,30,0.0,rebalance
2007-04-03,BSX,BUY,14.699999809265137,1570.9853772627648,0.04999999999999999,3.0,30,0.0,rebalance
2007-04-03,STE,BUY,19.699180398640152,116.79284301085136,0.04999999999999999,4.0,30,0.0,rebalance
2007-04-03,BKR,BUY,32.47623060278203,394.50469020229866,0.04999999999999999,5.0,30,0.0,rebalance
2007-04-03,DGX,BUY,36.25087204894254,242.55369398731955,0.04999999999999999,6.0,30,0.0,rebalance
2007-04-03,HST,BUY,13.408875501929181,784.3065134273711,0.04999999999999999,7.0,30,0.0,rebalance
2007-04-03,IBM,BUY,49.057194213510826,154.9839544587735,0.04999999999999999,8.0,30,0.0,rebalance
2007-04-03,SPGI,BUY,42.01034771052176,349.23397563650224,0.04999999999999999,9.0,30,0.0,rebalance
2007-04-03,CRM,BUY,10.790812296437673,2467.2892650057875,0.04999999999999999,10.0,30,0.0,rebalance
2007-04-03,GD,BUY,49.401623643491035,4.592681834767973,0.04999999999999999,11.0,30,0.0,rebalance
2007-04-03,ALGN,BUY,15.739999771118164,1244.1704033414426,0.04999999999999999,12.0,30,0.0,rebalance
2007-04-03,DIS,BUY,27.75224704779079,135.62792564021856,0.04999999999999999,13.0,30,0.0,rebalance
2007-04-03,AMGN,BUY,37.261991054573784,911.4331158454497,0.04999999999999999,14.0,30,0.0,rebalance
2007-04-03,EXPE,BUY,29.926018983302555,285.4615657776576,0.04999999999999999,15.0,30,0.0,rebalance
2007-04-03,CMI,BUY,23.725084048082703,6364.861827722949,0.04999999999999999,16.0,30,0.0,rebalance
2007-04-03,TXT,BUY,42.142618283161475,225.48238450035888,0.04999999999999999,17.0,30,0.0,rebalance
2007-04-03,OKE,BUY,7.328723904667158,520.3105873777058,0.04999999999999999,18.0,30,0.0,rebalance
2007-04-03,INTU,BUY,23.792856918056316,715.1101118302831,0.04999999999999999,19.0,30,0.0,rebalance
2007-04-03,UNP,BUY,17.149802307464025,648.1540931590644,0.04999999999999999,20.0,30,0.0,rebalance
2007-04-24,OKE,TAKE_PROFIT,7.498706440850216,20598.631499936477,0.0,,0,0.7983163107097224,risk_exit
2007-04-27,ALGN,TAKE_PROFIT,23.56999969482422,9594.228652917649,0.0,,0,1.14272724498402,risk_exit
2007-06-20,EXPE,TAKE_PROFIT,37.88895055746441,5045.913265054468,0.0,,0,0.9478261860505071,risk_exit
2007-07-03,VMC,BUY,92.51959014856914,211.44532026078696,0.04999999999999999,1.0,31,0.0,rebalance
2007-07-03,EFX,BUY,36.97860338411278,345.72768945043754,0.04999999999999999,2.0,31,0.0,rebalance
2007-07-03,BSX,BUY,15.579999923706055,676.4647794189368,0.04999999999999999,3.0,31,0.0,rebalance
2007-07-03,STE,BUY,22.84981095252448,199.8364573337658,0.04999999999999999,4.0,31,0.0,rebalance
2007-07-03,DGX,BUY,37.53962779910499,378.7038817518105,0.04999999999999999,5.0,31,0.0,rebalance
2007-07-03,BKR,BUY,41.51226765112098,540.3722783925823,0.04999999999999999,6.0,31,0.0,rebalance
2007-07-03,HST,BUY,12.021121619640615,2928.912631153935,0.04999999999999999,7.0,31,0.0,rebalance
2007-07-03,IBM,BUY,54.43350206420789,55.560761525027374,0.04999999999999999,8.0,31,0.0,rebalance
2007-07-03,SPGI,BUY,46.10719204130259,105.14108641261419,0.04999999999999999,9.0,31,0.0,rebalance
2007-07-03,CRM,BUY,10.623704836240568,2062.714578650137,0.04999999999999999,10.0,31,0.0,rebalance
2007-07-03,ALGN,BUY,24.350000381469727,7005.200488428284,0.04999999999999999,11.0,31,0.0,rebalance
2007-07-03,GD,BUY,51.00838065375253,286.902409568886,0.04999999999999999,12.0,31,0.0,rebalance
2007-07-03,DIS,BUY,28.10761070251465,626.3529314600182,0.04999999999999999,13.0,31,0.0,rebalance
2007-07-03,AMGN,BUY,36.848198995573796,575.7678161418244,0.04999999999999999,14.0,31,0.0,rebalance
2007-07-03,EXPE,BUY,37.8629255753875,4504.464658565621,0.04999999999999999,15.0,31,0.0,rebalance
2007-07-03,CMI,BUY,34.734963294732694,1454.2538008069914,0.04999999999999999,16.0,31,0.0,rebalance
2007-07-03,TXT,BUY,52.50888849256636,333.1200717545703,0.04999999999999999,17.0,31,0.0,rebalance
2007-07-03,OKE,BUY,8.406002711770155,20296.016379893852,0.04999999999999999,18.0,31,0.0,rebalance
2007-07-03,INTU,BUY,25.882708201866727,247.5989763929565,0.04999999999999999,19.0,31,0.0,rebalance
2007-07-03,UNP,BUY,19.530794216678554,65.90374559992779,0.04999999999999999,20.0,31,0.0,rebalance
2007-07-24,IBM,TAKE_PROFIT,59.50022406779626,3133.701335959437,0.0,,0,0.7848398875539744,risk_exit
2007-09-19,CMI,TAKE_PROFIT,44.6943545254285,4910.608026915957,0.0,,0,0.883843885857188,risk_exit
2007-09-28,GD,TAKE_PROFIT,55.11371666798237,3343.7470270072427,0.0,,0,0.8127017480608247,risk_exit
2007-10-02,VMC,BUY,73.92038469202816,523.2976123514495,0.04999999999999999,1.0,32,0.0,rebalance
2007-10-02,EFX,BUY,31.48925174288144,943.5092710320469,0.04999999999999999,2.0,32,0.0,rebalance
2007-10-02,BSX,BUY,14.140000343322754,1425.112796518195,0.04999999999999999,3.0,32,0.0,rebalance
2007-10-02,STE,BUY,20.571064052767625,1040.2086960303568,0.04999999999999999,4.0,32,0.0,rebalance
2007-10-02,DGX,BUY,41.259106550515796,303.41278399194834,0.04999999999999999,5.0,32,0.0,rebalance
2007-10-02,BKR,BUY,44.5609955570991,182.92447800728587,0.04999999999999999,6.0,32,0.0,rebalance
2007-10-02,HST,BUY,11.69732399024223,766.930056071169,0.04999999999999999,7.0,32,0.0,rebalance
2007-10-02,IBM,BUY,61.776532021799426,2832.141453490238,0.04999999999999999,8.0,32,0.0,rebalance
2007-10-02,SPGI,BUY,35.03239584891583,1294.0565323526725,0.04999999999999999,9.0,32,0.0,rebalance
2007-10-02,CRM,BUY,12.99026268766925,2588.7360340249616,0.04999999999999999,10.0,32,0.0,rebalance
2007-10-02,ALGN,BUY,27.040000915527344,535.3754959590342,0.04999999999999999,11.0,32,0.0,rebalance
2007-10-02,GD,BUY,55.392574879249985,3158.2488946277813,0.04999999999999999,12.0,32,0.0,rebalance
2007-10-02,DIS,BUY,28.197127308405985,133.20683673370058,0.04999999999999999,13.0,32,0.0,rebalance
2007-10-02,AMGN,BUY,37.60237432608622,21.515551878255792,0.04999999999999999,14.0,32,0.0,rebalance
2007-10-02,EXPE,BUY,43.57489817533546,491.8008853561296,0.04999999999999999,15.0,32,0.0,rebalance
2007-10-02,CMI,BUY,43.37310754466204,4031.369322095262,0.04999999999999999,16.0,32,0.0,rebalance
2007-10-02,TXT,BUY,59.01620707358972,286.73768336526973,0.04999999999999999,17.0,32,0.0,rebalance
2007-10-02,OKE,BUY,7.934305876079426,1738.879913210978,0.04999999999999999,18.0,32,0.0,rebalance
2007-10-02,INTU,BUY,27.168111454371672,157.1401793665009,0.04999999999999999,19.0,32,0.0,rebalance
2007-10-02,UNP,BUY,19.33392550202501,306.4045903544884,0.04999999999999999,20.0,32,0.0,rebalance
2007-11-08,VMC,STOP,65.22484768515014,2367.153993997427,0.0,,0,-0.2949297112701481,risk_exit
2007-11-09,ALGN,STOP,16.739999771118164,6469.82499246925,0.0,,0,-0.31252568752084087,risk_exit
2007-12-18,BSX,STOP,11.529999732971191,12374.458465880101,0.0,,0,-0.3012121373956854,risk_exit
2007-12-21,CRM,TAKE_PROFIT,15.97364844527899,13467.397237184867,0.0,,0,0.8434490340433958,risk_exit
2008-01-03,VMC,BUY,62.25731448400191,2593.7586118706145,0.04999999999999999,1.0,33,0.0,rebalance
2008-01-03,EFX,BUY,29.027532911467972,4.569997793885705,0.04999999999999999,2.0,33,0.0,rebalance
2008-01-03,BSX,BUY,11.470000267028809,14074.19808061514,0.04999999999999999,3.0,33,0.0,rebalance
2008-01-03,STE,BUY,21.295277789201958,927.1824790028686,0.04999999999999999,4.0,33,0.0,rebalance
2008-01-03,DGX,BUY,37.75728488174067,33.641914796841775,0.04999999999999999,5.0,33,0.0,rebalance
2008-01-03,BKR,BUY,39.58512914321234,150.72259162890305,0.04999999999999999,6.0,33,0.0,rebalance
2008-01-03,HST,BUY,8.989696437588151,2995.4749927928788,0.04999999999999999,7.0,33,0.0,rebalance
2008-01-03,IBM,BUY,54.47159407785214,130.6882705566045,0.04999999999999999,8.0,33,0.0,rebalance
2008-01-03,SPGI,BUY,28.894251801657372,591.8805861593246,0.04999999999999999,9.0,33,0.0,rebalance
2008-01-03,CRM,BUY,14.744906350057217,10945.609826205338,0.04999999999999999,10.0,33,0.0,rebalance
2008-01-03,ALGN,BUY,16.540000915527344,9759.95401896592,0.04999999999999999,11.0,33,0.0,rebalance
2008-01-03,GD,BUY,57.19999966441356,336.64944121574354,0.04999999999999999,12.0,33,0.0,rebalance
2008-01-03,DIS,BUY,26.223232066846016,46.17106263068035,0.04999999999999999,13.0,33,0.0,rebalance
2008-01-03,AMGN,BUY,30.988256750887174,558.4319409673335,0.04999999999999999,14.0,33,0.0,rebalance
2008-01-03,EXPE,BUY,39.90570996969172,31.961977907643814,0.04999999999999999,15.0,33,0.0,rebalance
2008-01-03,CMI,BUY,40.68248110845144,63.975785389278826,0.04999999999999999,16.0,33,0.0,rebalance
2008-01-03,TXT,BUY,62.166307005261245,366.06406683884234,0.04999999999999999,17.0,33,0.0,rebalance
2008-01-03,OKE,BUY,7.395099062198687,209.32181493524695,0.04999999999999999,18.0,33,0.0,rebalance
2008-01-03,INTU,BUY,27.159359343776885,492.50110951077386,0.04999999999999999,19.0,33,0.0,rebalance
2008-01-03,UNP,BUY,21.120790259794365,1401.068282542973,0.04999999999999999,20.0,33,0.0,rebalance
2008-01-04,AMGN,STOP,30.894823068810602,5208.440569397958,0.0,,0,-0.2975720445790978,risk_exit
2008-01-17,CMI,STOP,30.14898759958279,3967.393536705983,0.0,,0,-0.3048921484692363,risk_exit
2008-03-10,ALGN,STOP,11.149999618530273,9759.95401896592,0.0,,0,-0.325876723013786,risk_exit
2008-04-02,VMC,BUY,58.610390146737664,17.73353035997934,0.04999999999999999,1.0,34,0.0,rebalance
2008-04-02,EFX,BUY,29.654517517246386,399.86481820133486,0.04999999999999999,2.0,34,0.0,rebalance
2008-04-02,BSX,BUY,13.579999923706055,2803.164072018315,0.04999999999999999,3.0,34,0.0,rebalance
2008-04-02,STE,BUY,20.37298130058702,65.83522725439798,0.04999999999999999,4.0,34,0.0,rebalance
2008-04-02,DGX,BUY,34.51923860479378,159.5450563659815,0.04999999999999999,5.0,34,0.0,rebalance
2008-04-02,BKR,BUY,34.526553521497526,355.9163579945566,0.04999999999999999,6.0,34,0.0,rebalance
2008-04-02,HST,BUY,8.983215500588456,915.2838529997607,0.04999999999999999,7.0,34,0.0,rebalance
2008-04-02,IBM,BUY,60.94435705301175,451.47794791431033,0.04999999999999999,8.0,34,0.0,rebalance
2008-04-02,SPGI,BUY,26.519804070442568,185.89115235681584,0.04999999999999999,9.0,34,0.0,rebalance
2008-04-02,CRM,BUY,15.113528698494468,818.560763500569,0.04999999999999999,10.0,34,0.0,rebalance
2008-04-02,ALGN,BUY,12.449999809265137,12293.836562457214,0.04999999999999999,11.0,34,0.0,rebalance
2008-04-02,GD,BUY,56.25879982269778,101.53559440059189,0.04999999999999999,12.0,34,0.0,rebalance
2008-04-02,DIS,BUY,26.321941477877324,341.1451881543662,0.04999999999999999,13.0,34,0.0,rebalance
2008-04-02,AMGN,BUY,28.091651406974176,5447.512414485015,0.04999999999999999,14.0,34,0.0,rebalance
2008-04-02,EXPE,BUY,31.37026658960162,833.9540215026864,0.04999999999999999,15.0,34,0.0,rebalance
2008-04-02,CMI,BUY,32.272737659213185,4742.122114948832,0.04999999999999999,16.0,34,0.0,rebalance
2008-04-02,TXT,BUY,54.14421033761283,230.79165118667197,0.04999999999999999,17.0,34,0.0,rebalance
2008-04-02,OKE,BUY,7.599308440644898,1682.5585014242315,0.04999999999999999,18.0,34,0.0,rebalance
2008-04-02,INTU,BUY,24.807185401978657,227.6900165824045,0.04999999999999999,19.0,34,0.0,rebalance
2008-04-02,UNP,BUY,21.882791294145267,646.7667165519788,0.04999999999999999,20.0,34,0.0,rebalance
2008-06-02,UNP,TAKE_PROFIT,27.877982928425695,6995.028824113015,0.0,,0,0.8081418373435505,risk_exit
2008-06-18,HST,STOP,7.835303134450384,17037.49782204891,0.0,,0,-0.30725740625942655,risk_exit
2008-06-20,EXPE,STOP,26.178759912718007,4878.579772619822,0.0,,0,-0.3085912006299031,risk_exit
2008-07-02,VMC,BUY,47.54913993493831,676.7276222871587,0.04999999999999999,1.0,35,0.0,rebalance
2008-07-02,EFX,BUY,27.94445970611467,433.85331653189405,0.04999999999999999,2.0,35,0.0,rebalance
2008-07-02,BSX,BUY,12.210000038146973,1534.4441925752726,0.04999999999999999,3.0,35,0.0,rebalance
2008-07-02,STE,BUY,21.42050286345082,213.54716561549685,0.04999999999999999,4.0,35,0.0,rebalance
2008-07-02,DGX,BUY,34.802582505069346,58.59464842747548,0.04999999999999999,5.0,35,0.0,rebalance
2008-07-02,BKR,BUY,43.11077565118828,806.2031422556452,0.04999999999999999,6.0,35,0.0,rebalance
2008-07-02,HST,BUY,7.206900980758759,21694.830374994526,0.04999999999999999,7.0,35,0.0,rebalance
2008-07-02,IBM,BUY,62.015724553366134,9.823183078412058,0.04999999999999999,8.0,35,0.0,rebalance
2008-07-02,SPGI,BUY,27.821751967033254,151.61561045262079,0.04999999999999999,9.0,35,0.0,rebalance
2008-07-02,CRM,BUY,17.418648813081923,1150.8604635669508,0.04999999999999999,10.0,35,0.0,rebalance
2008-07-02,ALGN,BUY,10.850000381469727,2117.575282005666,0.04999999999999999,11.0,35,0.0,rebalance
2008-07-02,GD,BUY,55.35816487748538,104.50168690423652,0.04999999999999999,12.0,35,0.0,rebalance
2008-07-02,DIS,BUY,25.589855351014613,296.5615845771754,0.04999999999999999,13.0,35,0.0,rebalance
2008-07-02,AMGN,BUY,32.36981439592074,617.0722770558941,0.04999999999999999,14.0,35,0.0,rebalance
2008-07-02,EXPE,BUY,23.862745441416852,6552.37127529104,0.04999999999999999,15.0,35,0.0,rebalance
2008-07-02,CMI,BUY,42.928053411839194,1100.9969963289536,0.04999999999999999,16.0,35,0.0,rebalance
2008-07-02,TXT,BUY,45.942000946877044,575.3603851639623,0.04999999999999999,17.0,35,0.0,rebalance
2008-07-02,OKE,BUY,8.289004176454398,1284.965137206338,0.04999999999999999,18.0,35,0.0,rebalance
2008-07-02,INTU,BUY,24.501138843749178,209.41807870872617,0.04999999999999999,19.0,35,0.0,rebalance
2008-07-02,UNP,BUY,25.21477506314485,6199.285090720998,0.04999999999999999,20.0,35,0.0,rebalance
2008-07-11,VMC,STOP,43.371966425295795,3288.2197645177525,0.0,,0,-0.303343441894832,risk_exit
2008-09-19,TXT,STOP,33.09159501067547,3402.483404255987,0.0,,0,-0.23739313266288187,risk_exit
2008-09-30,OKE,STOP,5.737629420655549,18858.050839539013,0.0,,0,-0.31743664409938,risk_exit
2008-10-02,VMC,BUY,58.65124754974808,2413.1586384869674,0.04999999999999999,1.0,36,0.0,rebalance
2008-10-02,EFX,BUY,27.389545382831223,427.0959889066089,0.04999999999999999,2.0,36,0.0,rebalance
2008-10-02,BSX,BUY,11.25,222.96374933363404,0.04999999999999999,3.0,36,0.0,rebalance
2008-10-02,STE,BUY,26.68801034071083,1995.27286709277,0.04999999999999999,4.0,36,0.0,rebalance
2008-10-02,DGX,BUY,37.67520367599039,735.768537871902,0.04999999999999999,5.0,36,0.0,rebalance
2008-10-02,BKR,BUY,27.118712051748272,1592.2481689805322,0.04999999999999999,6.0,36,0.0,rebalance
2008-10-02,HST,BUY,6.977105052433082,1404.782179828584,0.04999999999999999,7.0,36,0.0,rebalance
2008-10-02,IBM,BUY,57.036317646289774,39.23262160943932,0.04999999999999999,8.0,36,0.0,rebalance
2008-10-02,SPGI,BUY,21.428000798182865,986.468452674435,0.04999999999999999,9.0,36,0.0,rebalance
2008-10-02,CRM,BUY,11.299512876942666,3551.830181713456,0.04999999999999999,10.0,36,0.0,rebalance
2008-10-02,ALGN,BUY,10.510000228881836,940.5009929326789,0.04999999999999999,11.0,36,0.0,rebalance
2008-10-02,GD,BUY,47.17328758579759,176.72383123668942,0.04999999999999999,12.0,36,0.0,rebalance
2008-10-02,DIS,BUY,25.022291937018053,452.0141295383246,0.04999999999999999,13.0,36,0.0,rebalance
2008-10-02,AMGN,BUY,39.51119078915096,1247.2034602514918,0.04999999999999999,14.0,36,0.0,rebalance
2008-10-02,EXPE,BUY,19.204698179011327,819.719553114348,0.04999999999999999,15.0,36,0.0,rebalance
2008-10-02,CMI,BUY,27.471799349620053,1512.847854480588,0.04999999999999999,16.0,36,0.0,rebalance
2008-10-02,TXT,BUY,26.60377378596778,5324.0829716073695,0.04999999999999999,17.0,36,0.0,rebalance
2008-10-02,OKE,BUY,5.7969882295837465,24464.333121306263,0.04999999999999999,18.0,36,0.0,rebalance
2008-10-02,INTU,BUY,26.608480296725805,1048.7097981376637,0.04999999999999999,19.0,36,0.0,rebalance
2008-10-02,UNP,BUY,23.533144906176734,171.45484024631696,0.04999999999999999,20.0,36,0.0,rebalance
2008-10-06,SPGI,STOP,19.19491810629957,6606.269579036007,0.0,,0,-0.31888132146809944,risk_exit
2008-10-06,CRM,STOP,9.746382710420725,12528.018780851275,0.0,,0,-0.3390000262441203,risk_exit
2008-10-07,ALGN,STOP,8.630000114440918,13470.910851530201,0.0,,0,-0.30682728942545223,risk_exit
2008-10-08,EXPE,STOP,16.524365063544668,7372.090828405388,0.0,,0,-0.3075245635875361,risk_exit
2008-10-10,TXT,STOP,16.106020999186367,5324.0829716073695,0.0,,0,-0.3945963783648798,risk_exit
2008-10-10,CMI,STOP,19.98666752797148,5153.972973100466,0.0,,0,-0.38069500830631553,risk_exit
2008-10-10,HST,STOP,4.317354894724102,20290.048195165942,0.0,,0,-0.4009415550108528,risk_exit
2008-10-10,BKR,STOP,17.023596436698842,5219.036809084618,0.0,,0,-0.3966196488381426,risk_exit
2008-10-13,BSX,STOP,8.279999732971191,12582.514451838464,0.0,,0,-0.27811686659044477,risk_exit
2008-10-13,OKE,STOP,4.111145989824765,24464.333121306263,0.0,,0,-0.2908134660608124,risk_exit
2008-10-13,EFX,STOP,22.605668276509892,5168.20183961448,0.0,,0,-0.2801325843381969,risk_exit
2008-10-13,DGX,STOP,30.96632228282882,3756.8196588454625,0.0,,0,-0.2825306838838858,risk_exit
2008-10-13,GD,STOP,39.21256101773449,3001.289377152372,0.0,,0,-0.2920971609784566,risk_exit
2008-10-27,VMC,STOP,39.395452439264794,2413.1586384869674,0.0,,0,-0.3283100686673457,risk_exit
2008-10-27,IBM,STOP,42.20413604292112,2481.9423376015047,0.0,,0,-0.31682574819790277,risk_exit
2008-11-13,DIS,STOP,16.697973028118913,5658.265911068773,0.0,,0,-0.31140238350649385,risk_exit
2008-11-20,UNP,STOP,17.13923819687637,6027.830250474681,0.0,,0,-0.32027003397988185,risk_exit
2009-01-05,VMC,BUY,58.02221088582811,1841.401434716768,0.04999999999999999,1.0,37,0.0,rebalance
2009-01-05,EFX,BUY,22.73810017955273,4700.002518943461,0.04999999999999999,2.0,37,0.0,rebalance
2009-01-05,BSX,BUY,7.829999923706055,13653.147520587538,0.04999999999999999,3.0,37,0.0,rebalance
2009-01-05,STE,BUY,17.741532192188206,723.6017431055207,0.04999999999999999,4.0,37,0.0,rebalance
2009-01-05,DGX,BUY,38.68593760128676,2764.3161558005904,0.04999999999999999,5.0,37,0.0,rebalance
2009-01-05,BKR,BUY,16.777908658751688,6374.108570682329,0.04999999999999999,6.0,37,0.0,rebalance
2009-01-05,HST,BUY,4.155764867932723,25737.700622091987,0.04999999999999999,7.0,37,0.0,rebalance
2009-01-05,IBM,BUY,45.69166608866804,2342.5942365709666,0.04999999999999999,8.0,37,0.0,rebalance
2009-01-05,SPGI,BUY,17.144026402392715,6246.832804503346,0.04999999999999999,9.0,37,0.0,rebalance
2009-01-05,CRM,BUY,8.23994497683532,12997.951652289361,0.04999999999999999,10.0,37,0.0,rebalance
2009-01-05,ALGN,BUY,8.9399995803833,11988.889217452892,0.04999999999999999,11.0,37,0.0,rebalance
2009-01-05,GD,BUY,39.31187461293872,2725.6571675246546,0.04999999999999999,12.0,37,0.0,rebalance
2009-01-05,DIS,BUY,19.62827173228087,5460.74451299082,0.04999999999999999,13.0,37,0.0,rebalance
2009-01-05,AMGN,BUY,39.52454836349762,869.013663158486,0.04999999999999999,14.0,37,0.0,rebalance
2009-01-05,EXPE,BUY,11.436939305696463,9380.57872046183,0.04999999999999999,15.0,37,0.0,rebalance
2009-01-05,CMI,BUY,19.1916484565737,5590.1978133430075,0.04999999999999999,16.0,37,0.0,rebalance
2009-01-05,TXT,BUY,14.413137153752968,7447.812537405392,0.04999999999999999,17.0,37,0.0,rebalance
2009-01-05,OKE,BUY,5.226330122213172,20564.15693889031,0.04999999999999999,18.0,37,0.0,rebalance
2009-01-05,INTU,BUY,21.125888899995346,242.1477936829233,0.04999999999999999,19.0,37,0.0,rebalance
2009-01-05,UNP,BUY,17.407389759843124,6175.991133749399,0.04999999999999999,20.0,37,0.0,rebalance
2009-01-30,TXT,STOP,8.834169113161456,7447.812537405392,0.0,,0,-0.3870752065339801,risk_exit
2009-02-03,VMC,STOP,40.97258799963189,1841.401434716768,0.0,,0,-0.29384648785178535,risk_exit
2009-02-05,HST,STOP,2.775963306427002,25737.700622091987,0.0,,0,-0.33202108525261687,risk_exit
2009-03-03,OKE,STOP,3.624272522555626,20564.15693889031,0.0,,0,-0.3065358601915352,risk_exit
2009-03-03,CMI,STOP,12.459069406434883,5590.1978133430075,0.0,,0,-0.3508077518913031,risk_exit
2009-03-03,DIS,STOP,13.491825265804142,5460.74451299082,0.0,,0,-0.3126330504373781,risk_exit
2009-03-03,GD,STOP,27.630256799797966,2725.6571675246546,0.0,,0,-0.29715239805165594,risk_exit
2009-03-09,UNP,STOP,11.949085552210242,6175.991133749399,0.0,,0,-0.313562474497157,risk_exit
2009-04-02,VMC,BUY,39.78187151843862,2283.18136015224,0.04999999999999999,1.0,38,0.0,rebalance
2009-04-02,EFX,BUY,20.954417725126202,370.2784819874623,0.04999999999999999,2.0,38,0.0,rebalance
2009-04-02,BSX,BUY,8.4399995803833,2903.047743175155,0.04999999999999999,3.0,38,0.0,rebalance
2009-04-02,STE,BUY,17.3367488502754,792.3687861518656,0.04999999999999999,4.0,38,0.0,rebalance
2009-04-02,DGX,BUY,35.34702499803231,196.31003143953194,0.04999999999999999,5.0,38,0.0,rebalance
2009-04-02,BKR,BUY,14.894924022007382,279.6060547677389,0.04999999999999999,6.0,38,0.0,rebalance
2009-04-02,HST,BUY,2.285124665932151,39729.85897714091,0.04999999999999999,7.0,38,0.0,rebalance
2009-04-02,IBM,BUY,52.70741724002078,625.8655971685812,0.04999999999999999,8.0,38,0.0,rebalance
2009-04-02,SPGI,BUY,16.644458844420203,808.989997176327,0.04999999999999999,9.0,38,0.0,rebalance
2009-04-02,CRM,BUY,8.153933840349376,1895.6257973883166,0.04999999999999999,10.0,38,0.0,rebalance
2009-04-02,ALGN,BUY,7.949999809265137,600.3299681562421,0.04999999999999999,11.0,38,0.0,rebalance
2009-04-02,GD,BUY,28.576364593704472,3168.424213296822,0.04999999999999999,12.0,38,0.0,rebalance
2009-04-02,DIS,BUY,16.071638757967737,5629.056239096403,0.04999999999999999,13.0,38,0.0,rebalance
2009-04-02,AMGN,BUY,32.79695266355592,40.913055607652495,0.04999999999999999,14.0,38,0.0,rebalance
2009-04-02,EXPE,BUY,12.451823825285581,2123.8938631966685,0.04999999999999999,15.0,38,0.0,rebalance
2009-04-02,CMI,BUY,18.159994952495286,4977.312919814407,0.04999999999999999,16.0,38,0.0,rebalance
2009-04-02,TXT,BUY,6.462046146954528,13967.15904140767,0.04999999999999999,17.0,38,0.0,rebalance
2009-04-02,OKE,BUY,4.124112298953897,21844.224752588576,0.04999999999999999,18.0,38,0.0,rebalance
2009-04-02,INTU,BUY,23.854067296464788,1317.2688878848558,0.04999999999999999,19.0,38,0.0,rebalance
2009-04-02,UNP,BUY,14.677042021485027,6129.92220540597,0.04999999999999999,20.0,38,0.0,rebalance
2009-04-13,TXT,TAKE_PROFIT,11.853510090809001,13967.15904140767,0.0,,0,0.8343276759785128,risk_exit
2009-04-27,HST,TAKE_PROFIT,3.9866971794435417,39729.85897714091,0.0,,0,0.7446300584293433,risk_exit
2009-05-27,EXPE,TAKE_PROFIT,20.609913805564684,7256.684857265162,0.0,,0,0.8020480178031009,risk_exit
2009-07-02,VMC,BUY,36.17304158117499,928.9101399187889,0.04999999999999999,1.0,39,0.0,rebalance
2009-07-02,EFX,BUY,21.614758293755973,1046.8699909900351,0.04999999999999999,2.0,39,0.0,rebalance
2009-07-02,BSX,BUY,9.949999809265137,931.3373010426185,0.04999999999999999,3.0,39,0.0,rebalance
2009-07-02,STE,BUY,19.312868070278533,783.4699418230193,0.04999999999999999,4.0,39,0.0,rebalance
2009-07-02,DGX,BUY,41.40719209876393,239.4934681830373,0.04999999999999999,5.0,39,0.0,rebalance
2009-07-02,BKR,BUY,17.62451583710218,501.7269626191601,0.04999999999999999,6.0,39,0.0,rebalance
2009-07-02,HST,BUY,4.363006687472803,26647.94126586291,0.04999999999999999,7.0,39,0.0,rebalance
2009-07-02,IBM,BUY,55.467544738927785,381.7226702069811,0.04999999999999999,8.0,39,0.0,rebalance
2009-07-02,SPGI,BUY,20.815279857322746,154.51769419263292,0.04999999999999999,9.0,39,0.0,rebalance
2009-07-02,CRM,BUY,9.42691172369055,1246.7652195036844,0.04999999999999999,10.0,39,0.0,rebalance
2009-07-02,ALGN,BUY,10.670000076293945,477.3862241376737,0.04999999999999999,11.0,39,0.0,rebalance
2009-07-02,GD,BUY,37.471692755019724,61.56289647803669,0.04999999999999999,12.0,39,0.0,rebalance
2009-07-02,DIS,BUY,19.35275818068197,386.56017390150646,0.04999999999999999,13.0,39,0.0,rebalance
2009-07-02,AMGN,BUY,35.03948752615517,567.4903410950087,0.04999999999999999,14.0,39,0.0,rebalance
2009-07-02,EXPE,BUY,19.907309322572956,5848.507641267951,0.04999999999999999,15.0,39,0.0,rebalance
2009-07-02,CMI,BUY,23.383781785293255,5.763446843567181,0.04999999999999999,16.0,39,0.0,rebalance
2009-07-02,TXT,BUY,9.487116716000212,12282.277594241263,0.04999999999999999,17.0,39,0.0,rebalance
2009-07-02,OKE,BUY,5.278558316405387,254.232300603544,0.04999999999999999,18.0,39,0.0,rebalance
2009-07-02,INTU,BUY,24.623556075247812,965.515315388935,0.04999999999999999,19.0,39,0.0,rebalance
2009-07-02,UNP,BUY,18.126057300314482,306.1014854938885,0.04999999999999999,20.0,39,0.0,rebalance
2009-09-09,TXT,TAKE_PROFIT,17.54457751680104,12282.277594241263,0.0,,0,0.8493055416101036,risk_exit
2009-10-02,VMC,BUY,42.91130188836069,23.676984206729685,0.04999999999999999,1.0,40,0.0,rebalance
2009-10-02,EFX,BUY,23.392777289935758,559.0679524747156,0.04999999999999999,2.0,40,0.0,rebalance
2009-10-02,BSX,BUY,10.109999656677246,2053.0871891861316,0.04999999999999999,3.0,40,0.0,rebalance
2009-10-02,STE,BUY,21.993342749312728,295.5336030210283,0.04999999999999999,4.0,40,0.0,rebalance
2009-10-02,DGX,BUY,38.08349259604557,839.095575888688,0.04999999999999999,5.0,40,0.0,rebalance
2009-10-02,BKR,BUY,20.287551268063176,249.25793174609134,0.04999999999999999,6.0,40,0.0,rebalance
2009-10-02,HST,BUY,5.93368847467939,3242.115882261085,0.04999999999999999,7.0,40,0.0,rebalance
2009-10-02,IBM,BUY,63.02758318915905,104.8075141853842,0.04999999999999999,8.0,40,0.0,rebalance
2009-10-02,SPGI,BUY,18.0188917043671,2114.411238652754,0.04999999999999999,9.0,40,0.0,rebalance
2009-10-02,CRM,BUY,13.393289159310259,1979.523532299847,0.04999999999999999,10.0,40,0.0,rebalance
2009-10-02,ALGN,BUY,14.430000305175781,1286.6825582939164,0.04999999999999999,11.0,40,0.0,rebalance
2009-10-02,GD,BUY,42.46339206685596,163.4959676093522,0.04999999999999999,12.0,40,0.0,rebalance
2009-10-02,DIS,BUY,22.583779146338816,133.59841054158642,0.04999999999999999,13.0,40,0.0,rebalance
2009-10-02,AMGN,BUY,39.37104231441129,204.69291360683565,0.04999999999999999,14.0,40,0.0,rebalance
2009-10-02,EXPE,BUY,30.108176763803193,1235.9963049466278,0.04999999999999999,15.0,40,0.0,rebalance
2009-10-02,CMI,BUY,28.594400307828202,126.83041250470342,0.04999999999999999,16.0,40,0.0,rebalance
2009-10-02,TXT,BUY,16.925579255018608,8204.05093799672,0.04999999999999999,17.0,40,0.0,rebalance
2009-10-02,OKE,BUY,6.3205608738297645,88.35424300957675,0.04999999999999999,18.0,40,0.0,rebalance
2009-10-02,INTU,BUY,24.20382846453727,1010.3981566565344,0.04999999999999999,19.0,40,0.0,rebalance
2009-10-02,UNP,BUY,20.0690977370311,496.13044154956697,0.04999999999999999,20.0,40,0.0,rebalance
2009-10-07,ALGN,TAKE_PROFIT,15.979999542236328,9624.49046686506,0.0,,0,0.7874720684887537,risk_exit
2009-10-09,CRM,TAKE_PROFIT,14.865322955232468,10369.567542104882,0.0,,0,0.804056094673308,risk_exit
2009-10-15,CMI,TAKE_PROFIT,32.9504276227986,4856.245954153271,0.0,,0,0.8144513646063005,risk_exit
2009-12-08,OKE,TAKE_PROFIT,7.47692849867655,22010.102810182543,0.0,,0,0.8129788804667399,risk_exit
2010-01-05,VMC,BUY,45.6958881480013,109.74263451603338,0.04999999999999999,1.0,41,0.0,rebalance
2010-01-05,EFX,BUY,26.165041685689673,92.92209878033282,0.04999999999999999,2.0,41,0.0,rebalance
2010-01-05,BSX,BUY,8.989999771118164,3270.519451156866,0.04999999999999999,3.0,41,0.0,rebalance
2010-01-05,STE,BUY,22.684286240403466,425.2038450595437,0.04999999999999999,4.0,41,0.0,rebalance
2010-01-05,DGX,BUY,45.05930152726748,253.75627254653773,0.04999999999999999,5.0,41,0.0,rebalance
2010-01-05,BKR,BUY,20.628938078109417,565.3557821584836,0.04999999999999999,6.0,41,0.0,rebalance
2010-01-05,HST,BUY,6.61814144700646,306.41714270138255,0.04999999999999999,7.0,41,0.0,rebalance
2010-01-05,IBM,BUY,71.01121433537196,50.42410258605378,0.04999999999999999,8.0,41,0.0,rebalance
2010-01-05,SPGI,BUY,24.140835319810378,1374.1673032294475,0.04999999999999999,9.0,41,0.0,rebalance
2010-01-05,CRM,BUY,18.29596988516141,8355.30551047182,0.04999999999999999,10.0,41,0.0,rebalance
2010-01-05,ALGN,BUY,18.5,8265.211103984915,0.04999999999999999,11.0,41,0.0,rebalance
2010-01-05,GD,BUY,47.13838668174449,26.580477723428885,0.04999999999999999,12.0,41,0.0,rebalance
2010-01-05,DIS,BUY,27.083697558863122,503.5124421584469,0.04999999999999999,13.0,41,0.0,rebalance
2010-01-05,AMGN,BUY,38.263129015102926,468.86445829656304,0.04999999999999999,14.0,41,0.0,rebalance
2010-01-05,EXPE,BUY,33.50411547425381,48.516860743058714,0.04999999999999999,15.0,41,0.0,rebalance
2010-01-05,CMI,BUY,32.025923666834736,4774.643771405709,0.04999999999999999,16.0,41,0.0,rebalance
2010-01-05,TXT,BUY,18.366063119075857,119.0289915572539,0.04999999999999999,17.0,41,0.0,rebalance
2010-01-05,OKE,BUY,8.243284511188708,18543.896492637246,0.04999999999999999,18.0,41,0.0,rebalance
2010-01-05,INTU,BUY,26.8970299995357,63.92937437078581,0.04999999999999999,19.0,41,0.0,rebalance
2010-01-05,UNP,BUY,22.994573484492815,283.80693758559937,0.04999999999999999,20.0,41,0.0,rebalance
2010-03-19,GD,TAKE_PROFIT,51.63539123535156,3243.7768067047086,0.0,,0,0.8069265272016832,risk_exit
2010-03-25,HST,TAKE_PROFIT,8.092561509605009,23099.408240900444,0.0,,0,0.8548129969272376,risk_exit
2010-03-25,DIS,TAKE_PROFIT,29.127436071645008,5645.702381381049,0.0,,0,0.8123500976031259,risk_exit
2010-04-05,VMC,BUY,42.707127581402425,498.9481460679085,0.04999999999999999,1.0,42,0.0,rebalance
2010-04-05,EFX,BUY,29.690823477555337,312.91138932647937,0.04999999999999999,2.0,42,0.0,rebalance
2010-04-05,BSX,BUY,7.239999771118164,5672.249329659564,0.04999999999999999,3.0,42,0.0,rebalance
2010-04-05,STE,BUY,27.579318236633153,786.3666547396997,0.04999999999999999,4.0,42,0.0,rebalance
2010-04-05,DGX,BUY,43.92200438922377,345.2618234952033,0.04999999999999999,5.0,42,0.0,rebalance
2010-04-05,BKR,BUY,24.34047446350448,665.6198881489663,0.04999999999999999,6.0,42,0.0,rebalance
2010-04-05,HST,BUY,8.338424705047263,19690.599955618003,0.04999999999999999,7.0,42,0.0,rebalance
2010-04-05,IBM,BUY,69.54127708872828,207.318347220772,0.04999999999999999,8.0,42,0.0,rebalance
2010-04-05,SPGI,BUY,25.833631541443285,20.63816690870499,0.04999999999999999,9.0,42,0.0,rebalance
2010-04-05,CRM,BUY,18.654764727503352,442.8396772503129,0.04999999999999999,10.0,42,0.0,rebalance
2010-04-05,ALGN,BUY,19.579999923706055,117.08285891196283,0.04999999999999999,11.0,42,0.0,rebalance
2010-04-05,GD,BUY,53.67373037747521,3057.833208158747,0.04999999999999999,12.0,42,0.0,rebalance
2010-04-05,DIS,BUY,29.79460557655652,5506.592463423916,0.04999999999999999,13.0,42,0.0,rebalance
2010-04-05,AMGN,BUY,40.53901962928838,52.49657739400618,0.04999999999999999,14.0,42,0.0,rebalance
2010-04-05,EXPE,BUY,31.89618063125501,581.7513286932735,0.04999999999999999,15.0,42,0.0,rebalance
2010-04-05,CMI,BUY,42.710089658488144,931.7752777947603,0.04999999999999999,16.0,42,0.0,rebalance
2010-04-05,TXT,BUY,20.87355900629609,459.3293380769792,0.04999999999999999,17.0,42,0.0,rebalance
2010-04-05,OKE,BUY,8.569227578891688,611.5730256499337,0.04999999999999999,18.0,42,0.0,rebalance
2010-04-05,INTU,BUY,30.21106732449137,250.40585351991558,0.04999999999999999,19.0,42,0.0,rebalance
2010-04-05,UNP,BUY,25.9798206753891,330.07325910587315,0.04999999999999999,20.0,42,0.0,rebalance
2010-04-09,UNP,TAKE_PROFIT,26.677125930786133,6318.273935757953,0.0,,0,0.8176091539245272,risk_exit
2010-05-04,INTU,TAKE_PROFIT,32.30966491034863,5433.346139743315,0.0,,0,0.7893465157617257,risk_exit
2010-06-10,BSX,STOP,5.489999771118164,22677.293048457563,0.0,,0,-0.29885059711218154,risk_exit
2010-07-02,VMC,BUY,38.43288734947508,62.798629248030466,0.04999999999999999,1.0,43,0.0,rebalance
2010-07-02,EFX,BUY,23.74418236346541,591.2925906764867,0.04999999999999999,2.0,43,0.0,rebalance
2010-07-02,BSX,BUY,5.929999828338623,24508.489406866374,0.04999999999999999,3.0,43,0.0,rebalance
2010-07-02,STE,BUY,24.976090876044136,135.5324399103447,0.04999999999999999,4.0,43,0.0,rebalance
2010-07-02,BKR,BUY,21.095684456500702,142.4283275561711,0.04999999999999999,5.0,43,0.0,rebalance
2010-07-02,DGX,BUY,36.714934313523585,219.37347637293215,0.04999999999999999,6.0,43,0.0,rebalance
2010-07-02,HST,BUY,7.594798158528118,559.4657412838314,0.04999999999999999,7.0,43,0.0,rebalance
2010-07-02,SPGI,BUY,20.605132082780816,698.3567785329715,0.04999999999999999,8.0,43,0.0,rebalance
2010-07-02,IBM,BUY,67.12642766119045,195.60513313637102,0.04999999999999999,9.0,43,0.0,rebalance
2010-07-02,CRM,BUY,21.458755312480594,2026.913479064524,0.04999999999999999,10.0,43,0.0,rebalance
2010-07-02,GD,BUY,40.719696849701286,510.67151722245035,0.04999999999999999,11.0,43,0.0,rebalance
2010-07-02,ALGN,BUY,14.390000343322754,1715.2250085889373,0.04999999999999999,12.0,43,0.0,rebalance
2010-07-02,DIS,BUY,26.652995829040833,55.213418729377736,0.04999999999999999,13.0,43,0.0,rebalance
2010-07-02,AMGN,BUY,34.71246392086319,137.01347238020617,0.04999999999999999,14.0,43,0.0,rebalance
2010-07-02,EXPE,BUY,24.746488215277,725.6243282515588,0.04999999999999999,15.0,43,0.0,rebalance
2010-07-02,CMI,BUY,44.30988474730504,563.6996850585579,0.04999999999999999,16.0,43,0.0,rebalance
2010-07-02,TXT,BUY,15.957880615248616,1241.6717016807615,0.04999999999999999,17.0,43,0.0,rebalance
2010-07-02,OKE,BUY,7.857443109604026,663.6494986297766,0.04999999999999999,18.0,43,0.0,rebalance
2010-07-02,UNP,BUY,24.73949266686228,5873.144187343107,0.04999999999999999,19.0,43,0.0,rebalance
2010-07-02,INTU,BUY,30.21981790628817,4806.681539061165,0.04999999999999999,20.0,43,0.0,rebalance
2010-09-14,CMI,TAKE_PROFIT,57.56087466097875,3279.168808552391,0.0,,0,0.7973212969525492,risk_exit
2010-09-17,EXPE,TAKE_PROFIT,36.70514511318838,5871.370132523097,0.0,,0,0.8438024204289782,risk_exit
2010-10-04,VMC,BUY,32.98543135137282,1280.7735525622202,0.04999999999999999,1.0,44,0.0,rebalance
2010-10-04,EFX,BUY,25.93261169748555,318.12914918591014,0.04999999999999999,2.0,44,0.0,rebalance
2010-10-04,BSX,BUY,6.059999942779541,3047.2489191854183,0.04999999999999999,3.0,44,0.0,rebalance
2010-10-04,STE,BUY,27.156411256094387,331.659890712006,0.04999999999999999,4.0,44,0.0,rebalance
2010-10-04,BKR,BUY,21.793927921606578,774.5358415067985,0.04999999999999999,5.0,44,0.0,rebalance
2010-10-04,DGX,BUY,37.10886850192652,542.5948562092904,0.04999999999999999,6.0,44,0.0,rebalance
2010-10-04,HST,BUY,8.13179468630921,1405.1824755937523,0.04999999999999999,7.0,44,0.0,rebalance
2010-10-04,SPGI,BUY,24.358542416432073,195.61323970463854,0.04999999999999999,8.0,44,0.0,rebalance
2010-10-04,IBM,BUY,73.99209403637845,92.47662659214893,0.04999999999999999,9.0,44,0.0,rebalance
2010-10-04,CRM,BUY,27.4476419990344,686.8106486677307,0.04999999999999999,10.0,44,0.0,rebalance
2010-10-04,GD,BUY,43.23392738932027,294.21154911828035,0.04999999999999999,11.0,44,0.0,rebalance
2010-10-04,ALGN,BUY,19.540000915527344,1550.9071761666328,0.04999999999999999,12.0,44,0.0,rebalance
2010-10-04,DIS,BUY,28.06333815387069,499.17008458886085,0.04999999999999999,13.0,44,0.0,rebalance
2010-10-04,AMGN,BUY,36.92162037398216,337.2547672309647,0.04999999999999999,14.0,44,0.0,rebalance
2010-10-04,EXPE,BUY,36.5081704460415,4574.228929544607,0.04999999999999999,15.0,44,0.0,rebalance
2010-10-04,CMI,BUY,62.39523745968815,2676.000625872756,0.04999999999999999,16.0,44,0.0,rebalance
2010-10-04,TXT,BUY,20.12220044477413,807.364469485221,0.04999999999999999,17.0,44,0.0,rebalance
2010-10-04,OKE,BUY,8.48352385774543,1190.3320769809652,0.04999999999999999,18.0,44,0.0,rebalance
2010-10-04,UNP,BUY,28.745433392708733,64.37982358680256,0.04999999999999999,19.0,44,0.0,rebalance
2010-10-04,INTU,BUY,39.296247107183746,557.5415609377715,0.04999999999999999,20.0,44,0.0,rebalance
2010-11-22,CRM,TAKE_PROFIT,33.249762709912076,6084.421059989879,0.0,,0,0.817327144645043,risk_exit
2011-01-04,VMC,BUY,38.44946408454474,88.41246316543129,0.04999999999999999,1.0,45,0.0,rebalance
2011-01-04,EFX,BUY,30.43642427783904,155.84595810749124,0.04999999999999999,2.0,45,0.0,rebalance
2011-01-04,BSX,BUY,7.550000190734863,2225.3603607738405,0.04999999999999999,3.0,45,0.0,rebalance
2011-01-04,STE,BUY,30.35896846724079,150.08550161203948,0.04999999999999999,4.0,45,0.0,rebalance
2011-01-04,BKR,BUY,28.919012586511823,1049.3039959341595,0.04999999999999999,5.0,45,0.0,rebalance
2011-01-04,DGX,BUY,40.827197160302816,184.05479062934864,0.04999999999999999,6.0,45,0.0,rebalance
2011-01-04,HST,BUY,10.297848450626038,1965.6275903812093,0.04999999999999999,7.0,45,0.0,rebalance
2011-01-04,SPGI,BUY,27.13072598706659,192.8611137716034,0.04999999999999999,8.0,45,0.0,rebalance
2011-01-04,IBM,BUY,81.09733851022959,101.13792760443675,0.04999999999999999,9.0,45,0.0,rebalance
2011-01-04,CRM,BUY,34.02386823687605,5620.774159532472,0.04999999999999999,10.0,45,0.0,rebalance
2011-01-04,GD,BUY,48.96771883322939,40.11432440911949,0.04999999999999999,11.0,45,0.0,rebalance
2011-01-04,ALGN,BUY,20.0,1009.0055950731621,0.04999999999999999,12.0,45,0.0,rebalance
2011-01-04,DIS,BUY,32.38294007902692,49.114952910090324,0.04999999999999999,13.0,45,0.0,rebalance
2011-01-04,AMGN,BUY,37.22195587528737,611.2797187132555,0.04999999999999999,14.0,45,0.0,rebalance
2011-01-04,EXPE,BUY,32.907157273485836,1233.0649152141095,0.04999999999999999,15.0,45,0.0,rebalance
2011-01-04,CMI,BUY,76.96102122747523,193.11653815942236,0.04999999999999999,16.0,45,0.0,rebalance
2011-01-04,TXT,BUY,23.327719598067432,106.58104176671077,0.04999999999999999,17.0,45,0.0,rebalance
2011-01-04,OKE,BUY,10.577634124106922,1616.8248781848815,0.04999999999999999,18.0,45,0.0,rebalance
2011-01-04,UNP,BUY,33.56075416695018,115.06268471174826,0.04999999999999999,19.0,45,0.0,rebalance
2011-01-04,INTU,BUY,43.53716827527784,139.88179904458866,0.04999999999999999,20.0,45,0.0,rebalance
2011-01-18,IBM,TAKE_PROFIT,82.33942458329848,2358.1624894896836,0.0,,0,0.8020665830725622,risk_exit
2011-01-26,BKR,TAKE_PROFIT,32.126079169382905,6612.883477418169,0.0,,0,0.9147844837398915,risk_exit
2011-04-04,VMC,BUY,41.260270961880416,142.94006842047202,0.04999999999999999,1.0,46,0.0,rebalance
2011-04-04,EFX,BUY,33.38059975675964,311.91201951732546,0.04999999999999999,2.0,46,0.0,rebalance
2011-04-04,BSX,BUY,7.320000171661377,1900.6421709226051,0.04999999999999999,3.0,46,0.0,rebalance
2011-04-04,STE,BUY,28.36423190913224,728.2314148011465,0.04999999999999999,4.0,46,0.0,rebalance
2011-04-04,BKR,BUY,36.96730082441917,5392.032107618898,0.04999999999999999,5.0,46,0.0,rebalance
2011-04-04,DGX,BUY,42.904786608217265,40.631504352830234,0.04999999999999999,6.0,46,0.0,rebalance
2011-04-04,HST,BUY,9.777244220846113,1806.0263800043285,0.04999999999999999,7.0,46,0.0,rebalance
2011-04-04,SPGI,BUY,29.37012329084385,265.52158802263057,0.04999999999999999,8.0,46,0.0,rebalance
2011-04-04,IBM,BUY,90.72119538119715,2196.0469489244097,0.04999999999999999,9.0,46,0.0,rebalance
2011-04-04,CRM,BUY,33.077743072864784,401.9740007302562,0.04999999999999999,10.0,46,0.0,rebalance
2011-04-04,GD,BUY,52.39324916277189,100.4982650709494,0.04999999999999999,11.0,46,0.0,rebalance
2011-04-04,ALGN,BUY,20.780000686645508,30.857704395923065,0.04999999999999999,12.0,46,0.0,rebalance
2011-04-04,DIS,BUY,36.60049119744841,458.69750524912433,0.04999999999999999,13.0,46,0.0,rebalance
2011-04-04,AMGN,BUY,35.58008354786089,464.612583657924,0.04999999999999999,14.0,46,0.0,rebalance
2011-04-04,EXPE,BUY,29.539670633488637,936.304076854929,0.04999999999999999,15.0,46,0.0,rebalance
2011-04-04,CMI,BUY,77.01047004734406,103.74441005955896,0.04999999999999999,16.0,46,0.0,rebalance
2011-04-04,TXT,BUY,26.749264305926552,744.7359703126449,0.04999999999999999,17.0,46,0.0,rebalance
2011-04-04,OKE,BUY,12.817167241682748,2523.791679481503,0.04999999999999999,18.0,46,0.0,rebalance
2011-04-04,UNP,BUY,35.26919825687989,45.669256023305024,0.04999999999999999,19.0,46,0.0,rebalance
2011-04-04,INTU,BUY,47.17472377710881,166.38606072650964,0.04999999999999999,20.0,46,0.0,rebalance
2011-05-10,SPGI,TAKE_PROFIT,31.246888984743727,6783.325668428969,0.0,,0,0.822610876309823,risk_exit
2011-07-05,VMC,BUY,35.62319502322909,923.549678446815,0.04999999999999999,1.0,47,0.0,rebalance
2011-07-05,EFX,BUY,29.73014386779109,923.7830198348474,0.04999999999999999,2.0,47,0.0,rebalance
2011-07-05,BSX,BUY,7.199999809265137,1241.1309451547968,0.04999999999999999,3.0,47,0.0,rebalance
2011-07-05,STE,BUY,29.457077239315176,68.15950763222372,0.04999999999999999,4.0,47,0.0,rebalance
2011-07-05,BKR,BUY,36.922672847357305,160.14839038544415,0.04999999999999999,5.0,47,0.0,rebalance
2011-07-05,DGX,BUY,44.61543330593531,48.637818066769796,0.04999999999999999,6.0,47,0.0,rebalance
2011-07-05,HST,BUY,9.845867399088858,444.3161286445393,0.04999999999999999,7.0,47,0.0,rebalance
2011-07-05,SPGI,BUY,31.748389648299646,6457.094874327212,0.04999999999999999,8.0,47,0.0,rebalance
2011-07-05,IBM,BUY,96.17044992431863,63.91076584547136,0.04999999999999999,9.0,47,0.0,rebalance
2011-07-05,CRM,BUY,36.76642239008233,445.7385896879632,0.04999999999999999,10.0,47,0.0,rebalance
2011-07-05,GD,BUY,53.66035839968183,18.885051521064725,0.04999999999999999,11.0,47,0.0,rebalance
2011-07-05,ALGN,BUY,22.479999542236328,465.1192372021069,0.04999999999999999,12.0,47,0.0,rebalance
2011-07-05,DIS,BUY,33.95386672810593,595.9201766873493,0.04999999999999999,13.0,47,0.0,rebalance
2011-07-05,AMGN,BUY,38.83044415226077,318.5902629354723,0.04999999999999999,14.0,47,0.0,rebalance
2011-07-05,EXPE,BUY,39.059003804691244,1494.272683658005,0.04999999999999999,15.0,47,0.0,rebalance
2011-07-05,CMI,BUY,73.38380222876528,207.29141388583957,0.04999999999999999,16.0,47,0.0,rebalance
2011-07-05,TXT,BUY,23.239912020895186,1375.7984704613018,0.04999999999999999,17.0,47,0.0,rebalance
2011-07-05,OKE,BUY,14.382789529528003,1285.6274652817174,0.04999999999999999,18.0,47,0.0,rebalance
2011-07-05,UNP,BUY,38.393544756216045,307.6161495778251,0.04999999999999999,19.0,47,0.0,rebalance
2011-07-05,INTU,BUY,45.72320735372938,261.6665036730301,0.04999999999999999,20.0,47,0.0,rebalance
2011-08-11,VMC,STOP,27.12524887046223,5754.631335036802,0.0,,0,-0.31815050838194314,risk_exit
2011-09-26,BKR,STOP,25.42943465904533,5552.180498004343,0.0,,0,-0.3121100515337698,risk_exit
2011-10-04,VMC,BUY,23.346107216357495,6876.193739484376,0.04999999999999999,1.0,48,0.0,rebalance
2011-10-04,EFX,BUY,24.765510783295888,408.7917523690039,0.04999999999999999,2.0,48,0.0,rebalance
2011-10-04,BSX,BUY,5.409999847412109,1219.6326004374496,0.04999999999999999,3.0,48,0.0,rebalance
2011-10-04,STE,BUY,22.75371740843187,100.61528538256061,0.04999999999999999,4.0,48,0.0,rebalance
2011-10-04,BKR,BUY,22.04967048501258,7285.416308787861,0.04999999999999999,5.0,48,0.0,rebalance
2011-10-04,DGX,BUY,34.26897163934556,98.30017596389189,0.04999999999999999,6.0,48,0.0,rebalance
2011-10-04,HST,BUY,5.613727770258411,7828.601067814416,0.04999999999999999,7.0,48,0.0,rebalance
2011-10-04,SPGI,BUY,29.55502241860815,1013.7706883976462,0.04999999999999999,8.0,48,0.0,rebalance
2011-10-04,IBM,BUY,95.48700955044924,447.6868271640278,0.04999999999999999,9.0,48,0.0,rebalance
2011-10-04,CRM,BUY,26.98809061839419,381.9605410231852,0.04999999999999999,10.0,48,0.0,rebalance
2011-10-04,GD,BUY,39.08382077216632,293.8110649729738,0.04999999999999999,11.0,48,0.0,rebalance
2011-10-04,ALGN,BUY,14.260000228881836,2157.593311042785,0.04999999999999999,12.0,48,0.0,rebalance
2011-10-04,DIS,BUY,24.5283964935476,518.5519680401303,0.04999999999999999,13.0,48,0.0,rebalance
2011-10-04,AMGN,BUY,35.814490971120435,789.2250805015128,0.04999999999999999,14.0,48,0.0,rebalance
2011-10-04,EXPE,BUY,32.21353257270025,256.7104456132729,0.04999999999999999,15.0,48,0.0,rebalance
2011-10-04,CMI,BUY,55.14342372083099,122.63651590769132,0.04999999999999999,16.0,48,0.0,rebalance
2011-10-04,TXT,BUY,16.09549557613585,1169.980058097115,0.04999999999999999,17.0,48,0.0,rebalance
2011-10-04,OKE,BUY,12.312145486388888,1191.8545796720264,0.04999999999999999,18.0,48,0.0,rebalance
2011-10-04,UNP,BUY,28.558600877206164,291.4672734384294,0.04999999999999999,19.0,48,0.0,rebalance
2011-10-04,INTU,BUY,39.584824759093735,421.03484820396716,0.04999999999999999,20.0,48,0.0,rebalance
2011-10-04,HST,STOP,5.613727770258411,28649.63267601,0.0,,0,-0.3267639909417889,risk_exit
2011-11-04,OKE,TAKE_PROFIT,14.75229311758933,13064.05349401824,0.0,,0,0.7896134844752558,risk_exit
2011-12-22,EXPE,STOP,25.3513563277355,4992.614792342368,0.0,,0,-0.30559773283614955,risk_exit
2012-01-04,VMC,BUY,36.060336787031815,1608.4860160510834,0.04999999999999999,1.0,49,0.0,rebalance
2012-01-04,EFX,BUY,33.10446280776804,747.9428874161476,0.04999999999999999,2.0,49,0.0,rebalance
2012-01-04,BSX,BUY,5.320000171661377,6016.204534847566,0.04999999999999999,3.0,49,0.0,rebalance
2012-01-04,STE,BUY,24.963197661230502,550.4053055993672,0.04999999999999999,4.0,49,0.0,rebalance
2012-01-04,BKR,BUY,25.763421698172504,88.6274219115412,0.04999999999999999,5.0,49,0.0,rebalance
2012-01-04,DGX,BUY,43.27890506298524,303.45312265218035,0.04999999999999999,6.0,49,0.0,rebalance
2012-01-04,HST,BUY,8.37586491747904,22681.9859433135,0.04999999999999999,7.0,49,0.0,rebalance
2012-01-04,SPGI,BUY,34.628546372017,44.04829304861869,0.04999999999999999,8.0,49,0.0,rebalance
2012-01-04,IBM,BUY,103.71202138248488,147.7398970502445,0.04999999999999999,9.0,49,0.0,rebalance
2012-01-04,CRM,BUY,24.326635634745497,1852.3469808942618,0.04999999999999999,10.0,49,0.0,rebalance
2012-01-04,GD,BUY,49.11334171928586,244.9320788371224,0.04999999999999999,11.0,49,0.0,rebalance
2012-01-04,ALGN,BUY,23.920000076293945,3332.5292407063325,0.04999999999999999,12.0,49,0.0,rebalance
2012-01-04,DIS,BUY,33.15244673600944,823.8954381863923,0.04999999999999999,13.0,49,0.0,rebalance
2012-01-04,AMGN,BUY,43.22607220614749,93.93219573144142,0.04999999999999999,14.0,49,0.0,rebalance
2012-01-04,EXPE,BUY,26.673243172866048,7125.8317637012515,0.04999999999999999,15.0,49,0.0,rebalance
2012-01-04,CMI,BUY,63.13831644736367,94.82513147684995,0.04999999999999999,16.0,49,0.0,rebalance
2012-01-04,TXT,BUY,18.16206691440263,476.2333949676904,0.04999999999999999,17.0,49,0.0,rebalance
2012-01-04,OKE,BUY,16.987953438497907,11192.336110579392,0.04999999999999999,18.0,49,0.0,rebalance
2012-01-04,UNP,BUY,39.10551549768065,769.895719864574,0.04999999999999999,19.0,49,0.0,rebalance
2012-01-04,INTU,BUY,45.93131567456131,75.98142390853627,0.04999999999999999,20.0,49,0.0,rebalance
2012-02-10,VMC,TAKE_PROFIT,42.47710177919794,5267.707723433293,0.0,,0,0.8194511566980329,risk_exit
2012-04-03,VMC,BUY,38.915638934815135,5606.76864603832,0.04999999999999999,1.0,50,0.0,rebalance
2012-04-03,EFX,BUY,38.47051748802266,65.97697773597065,0.04999999999999999,2.0,50,0.0,rebalance
2012-04-03,BSX,BUY,6.019999980926514,542.2307615446043,0.04999999999999999,3.0,50,0.0,rebalance
2012-04-03,STE,BUY,26.41797384101496,650.1285160754087,0.04999999999999999,4.0,50,0.0,rebalance
2012-04-03,BKR,BUY,21.610376064079368,2724.062523608065,0.04999999999999999,5.0,50,0.0,rebalance
2012-04-03,DGX,BUY,46.72225402416971,281.13935838748966,0.04999999999999999,6.0,50,0.0,rebalance
2012-04-03,HST,BUY,9.376980114506496,591.1903024585808,0.04999999999999999,7.0,50,0.0,rebalance
2012-04-03,SPGI,BUY,37.15036232823768,386.9294852592011,0.04999999999999999,8.0,50,0.0,rebalance
2012-04-03,IBM,BUY,117.43546927303451,26.1489302919922,0.04999999999999999,9.0,50,0.0,rebalance
2012-04-03,CRM,BUY,38.48420706853905,2140.551067144068,0.04999999999999999,10.0,50,0.0,rebalance
2012-04-03,GD,BUY,53.3535541863929,219.97189831089554,0.04999999999999999,11.0,50,0.0,rebalance
2012-04-03,ALGN,BUY,28.690000534057617,340.271836142294,0.04999999999999999,12.0,50,0.0,rebalance
2012-04-03,DIS,BUY,37.909588412038794,23.019830272886793,0.04999999999999999,13.0,50,0.0,rebalance
2012-04-03,AMGN,BUY,46.149897604922785,331.41967547885906,0.04999999999999999,14.0,50,0.0,rebalance
2012-04-03,EXPE,BUY,30.30535686779194,74.90317836998747,0.04999999999999999,15.0,50,0.0,rebalance
2012-04-03,CMI,BUY,84.384032640981,425.33932615980393,0.04999999999999999,16.0,50,0.0,rebalance
2012-04-03,TXT,BUY,28.168063648096602,2722.0101453137677,0.04999999999999999,17.0,50,0.0,rebalance
2012-04-03,OKE,BUY,15.97207401749192,2469.6802609115166,0.04999999999999999,18.0,50,0.0,rebalance
2012-04-03,UNP,BUY,39.96699067100336,597.7559774219508,0.04999999999999999,19.0,50,0.0,rebalance
2012-04-03,INTU,BUY,53.12706924071239,31.83430334850982,0.04999999999999999,20.0,50,0.0,rebalance
2012-06-15,EFX,TAKE_PROFIT,41.300101602096134,5672.563656865243,0.0,,0,0.816339152170475,risk_exit
2012-06-20,ALGN,TAKE_PROFIT,34.869998931884766,7606.148091780319,0.0,,0,0.8848648071289062,risk_exit
2012-07-03,INTU,SELL,52.58251564190806,4107.4144924705615,0.0,,51,0.7400010749557375,rebalance
2012-07-03,VMC,BUY,36.069933133073725,508.11731160997897,0.04999999999999999,1.0,51,0.0,rebalance
2012-07-03,EFX,BUY,41.21380577294422,5351.690372164474,0.04999999999999999,2.0,51,0.0,rebalance
2012-07-03,BSX,BUY,5.78000020980835,1909.9595093884418,0.04999999999999999,3.0,51,0.0,rebalance
2012-07-03,STE,BUY,26.737616327148924,11.130779352573882,0.04999999999999999,4.0,51,0.0,rebalance
2012-07-03,DGX,BUY,45.56457222322968,169.9331695400515,0.04999999999999999,5.0,51,0.0,rebalance
2012-07-03,BKR,BUY,21.37121429187054,222.71315986276568,0.04999999999999999,6.0,51,0.0,rebalance
2012-07-03,HST,BUY,9.072768666419226,1037.3484713255348,0.04999999999999999,7.0,51,0.0,rebalance
2012-07-03,SPGI,BUY,34.75222009740484,472.45131443723585,0.04999999999999999,8.0,51,0.0,rebalance
2012-07-03,IBM,BUY,110.1241911467108,144.53397052078867,0.04999999999999999,9.0,51,0.0,rebalance
2012-07-03,CRM,BUY,34.12462306576764,792.7832390222829,0.04999999999999999,10.0,51,0.0,rebalance
2012-07-03,ALGN,BUY,35.529998779296875,6207.943598532123,0.04999999999999999,11.0,51,0.0,rebalance
2012-07-03,GD,BUY,47.97373993831754,505.6127505463296,0.04999999999999999,12.0,51,0.0,rebalance
2012-07-03,DIS,BUY,42.250048686128494,538.0625162646666,0.04999999999999999,13.0,51,0.0,rebalance
2012-07-03,PSX,BUY,21.057762448794065,10469.821929047617,0.04999999999999999,14.0,51,0.0,rebalance
2012-07-03,AMGN,BUY,50.45405545197896,358.9031269334155,0.04999999999999999,15.0,51,0.0,rebalance
2012-07-03,EXPE,BUY,44.66623737983142,2265.001808432854,0.04999999999999999,16.0,51,0.0,rebalance
2012-07-03,CMI,BUY,67.6501166428172,672.6565970029646,0.04999999999999999,17.0,51,0.0,rebalance
2012-07-03,TXT,BUY,23.978054519066028,1446.5679703993856,0.04999999999999999,18.0,51,0.0,rebalance
2012-07-03,OKE,BUY,16.864651078411356,591.0673838901348,0.04999999999999999,19.0,51,0.0,rebalance
2012-07-03,UNP,BUY,43.72897514390228,418.7427701936167,0.04999999999999999,20.0,51,0.0,rebalance
2012-07-03,AMGN,TAKE_PROFIT,50.45405545197896,4369.609911378577,0.0,,0,0.7960515998519397,risk_exit
2012-07-20,UNP,TAKE_PROFIT,44.96638779554958,5041.001034245615,0.0,,0,0.817595388921639,risk_exit
2012-07-30,EXPE,TAKE_PROFIT,49.9424916309421,4935.733133638385,0.0,,0,0.872381671297745,risk_exit
2012-10-02,VMC,BUY,42.94373740172948,545.7464729096373,0.04999999999999999,1.0,52,0.0,rebalance
2012-10-02,EFX,BUY,40.93188308351074,491.41459031685736,0.04999999999999999,2.0,52,0.0,rebalance
2012-10-02,BSX,BUY,5.690000057220459,3872.52700824802,0.04999999999999999,3.0,52,0.0,rebalance
2012-10-02,STE,BUY,30.44954863183425,394.83846877873384,0.04999999999999999,4.0,52,0.0,rebalance
2012-10-02,DGX,BUY,48.2270707868437,118.4344509592438,0.04999999999999999,5.0,52,0.0,rebalance
2012-10-02,BKR,BUY,23.073445176976744,44.64328607050447,0.04999999999999999,6.0,52,0.0,rebalance
2012-10-02,HST,BUY,9.077845445309572,2035.7154072821977,0.04999999999999999,7.0,52,0.0,rebalance
2012-10-02,SPGI,BUY,42.54860356089232,725.8301705729127,0.04999999999999999,8.0,52,0.0,rebalance
2012-10-02,IBM,BUY,119.36452235383669,0.815087652604916,0.04999999999999999,9.0,52,0.0,rebalance
2012-10-02,CRM,BUY,37.230880482698126,39.60343981597998,0.04999999999999999,10.0,52,0.0,rebalance
2012-10-02,ALGN,BUY,38.33000183105469,31.798717530278736,0.04999999999999999,11.0,52,0.0,rebalance
2012-10-02,GD,BUY,49.371815940376734,248.5566314911175,0.04999999999999999,12.0,52,0.0,rebalance
2012-10-02,DIS,BUY,45.253651895419964,66.79530102938315,0.04999999999999999,13.0,52,0.0,rebalance
2012-10-02,PSX,BUY,29.05069062878824,2237.027543441789,0.04999999999999999,14.0,52,0.0,rebalance
2012-10-02,AMGN,BUY,58.49905910931772,4088.556661766678,0.04999999999999999,15.0,52,0.0,rebalance
2012-10-02,EXPE,BUY,52.300961851522906,4572.041133938066,0.04999999999999999,16.0,52,0.0,rebalance
2012-10-02,CMI,BUY,64.80772809896298,429.6988373091285,0.04999999999999999,17.0,52,0.0,rebalance
2012-10-02,TXT,BUY,25.981549477222188,7.02947538952867,0.04999999999999999,18.0,52,0.0,rebalance
2012-10-02,OKE,BUY,19.149639754356933,588.2569617450627,0.04999999999999999,19.0,52,0.0,rebalance
2012-10-02,UNP,BUY,44.10899544185117,5419.3236841638,0.04999999999999999,20.0,52,0.0,rebalance
2013-01-03,VMC,BUY,48.76951809635736,482.2856190775883,0.04999999999999999,1.0,53,0.0,rebalance
2013-01-03,EFX,BUY,47.59084001930731,630.2516923878984,0.04999999999999999,2.0,53,0.0,rebalance
2013-01-03,BSX,BUY,5.920000076293945,126.61375860217959,0.04999999999999999,3.0,53,0.0,rebalance
2013-01-03,STE,BUY,29.902913467045405,441.820076929519,0.04999999999999999,4.0,53,0.0,rebalance
2013-01-03,DGX,BUY,44.40831442636152,627.224334606397,0.04999999999999999,5.0,53,0.0,rebalance
2013-01-03,BKR,BUY,21.676395693349782,1079.4868779710014,0.04999999999999999,6.0,53,0.0,rebalance
2013-01-03,HST,BUY,9.349423071642152,188.8474902258131,0.04999999999999999,7.0,53,0.0,rebalance
2013-01-03,SPGI,BUY,45.432619540755745,160.36795128730773,0.04999999999999999,8.0,53,0.0,rebalance
2013-01-03,IBM,BUY,111.19773257070699,227.36113680642393,0.04999999999999999,9.0,53,0.0,rebalance
2013-01-03,CRM,BUY,41.79443451481728,487.9422200178842,0.04999999999999999,10.0,53,0.0,rebalance
2013-01-03,ALGN,BUY,29.040000915527344,2303.1402969519004,0.04999999999999999,11.0,53,0.0,rebalance
2013-01-03,GD,BUY,52.852060109014914,151.67471763073263,0.04999999999999999,12.0,53,0.0,rebalance
2013-01-03,DIS,BUY,44.99664107165406,226.70344618586205,0.04999999999999999,13.0,53,0.0,rebalance
2013-01-03,PSX,BUY,34.43787929780815,1031.0846465382892,0.04999999999999999,14.0,53,0.0,rebalance
2013-01-03,AMGN,BUY,61.536914158454145,58.38722791228702,0.04999999999999999,15.0,53,0.0,rebalance
2013-01-03,EXPE,BUY,58.18449170530838,309.651865185946,0.04999999999999999,16.0,53,0.0,rebalance
2013-01-03,CMI,BUY,79.98881404827807,587.9272123601445,0.04999999999999999,17.0,53,0.0,rebalance
2013-01-03,TXT,BUY,24.93588032345659,745.1115656128568,0.04999999999999999,18.0,53,0.0,rebalance
2013-01-03,OKE,BUY,17.641189879548154,1575.2574290333869,0.04999999999999999,19.0,53,0.0,rebalance
2013-01-03,UNP,BUY,47.73126015873696,223.60237396243247,0.04999999999999999,20.0,53,0.0,rebalance
2013-01-31,PSX,TAKE_PROFIT,37.77965863571074,7201.709739067539,0.0,,0,0.7940965345952178,risk_exit
2013-02-07,STE,TAKE_PROFIT,33.725919729175395,8296.323917630541,0.0,,0,0.8296143718445141,risk_exit
2013-03-15,TXT,TAKE_PROFIT,30.379521124654165,9945.45160120729,0.0,,0,0.7948881197461131,risk_exit
2013-04-02,VMC,BUY,45.74770562754947,724.7685574396783,0.04999999999999999,1.0,54,0.0,rebalance
2013-04-02,EFX,BUY,49.74310952750333,131.76433454539438,0.04999999999999999,2.0,54,0.0,rebalance
2013-04-02,BSX,BUY,7.829999923706055,7952.520359900533,0.04999999999999999,3.0,54,0.0,rebalance
2013-04-02,STE,BUY,35.40555940620465,7509.227206892368,0.04999999999999999,4.0,54,0.0,rebalance
2013-04-02,DGX,BUY,43.40136165885738,537.7462729808349,0.04999999999999999,5.0,54,0.0,rebalance
2013-04-02,BKR,BUY,23.725208676343403,242.0848759187429,0.04999999999999999,6.0,54,0.0,rebalance
2013-04-02,HST,BUY,10.146952504697053,340.9059834572108,0.04999999999999999,7.0,54,0.0,rebalance
2013-04-02,SPGI,BUY,42.33363420971217,817.9492183031753,0.04999999999999999,8.0,54,0.0,rebalance
2013-04-02,IBM,BUY,121.51010675658092,43.66469559412826,0.04999999999999999,9.0,54,0.0,rebalance
2013-04-02,CRM,BUY,43.49501373785721,174.80944580130836,0.04999999999999999,10.0,54,0.0,rebalance
2013-04-02,ALGN,BUY,32.72999954223633,422.30624345986234,0.04999999999999999,11.0,54,0.0,rebalance
2013-04-02,GD,BUY,50.9347445752542,525.733270756029,0.04999999999999999,12.0,54,0.0,rebalance
2013-04-02,DIS,BUY,50.276360866063335,225.28575419982644,0.04999999999999999,13.0,54,0.0,rebalance
2013-04-02,PSX,BUY,44.127758713642294,6023.161933988016,0.04999999999999999,14.0,54,0.0,rebalance
2013-04-02,AMGN,BUY,70.75931489024445,276.1020880051706,0.04999999999999999,15.0,54,0.0,rebalance
2013-04-02,EXPE,BUY,56.472061933222804,441.45874588678,0.04999999999999999,16.0,54,0.0,rebalance
2013-04-02,CMI,BUY,80.26992063447916,208.6539105232232,0.04999999999999999,17.0,54,0.0,rebalance
2013-04-02,TXT,BUY,28.74346924864816,9241.069947902823,0.04999999999999999,18.0,54,0.0,rebalance
2013-04-02,OKE,BUY,19.564784077663905,484.96490058729614,0.04999999999999999,19.0,54,0.0,rebalance
2013-04-02,UNP,BUY,52.75727059168014,162.22386773257676,0.04999999999999999,20.0,54,0.0,rebalance
2013-04-22,DIS,TAKE_PROFIT,54.28683980136761,5286.483684688911,0.0,,0,0.8220358602123088,risk_exit
2013-07-02,VMC,BUY,44.03670127672427,308.40943654671537,0.04999999999999999,1.0,55,0.0,rebalance
2013-07-02,EFX,BUY,52.00300517900501,162.0742447069315,0.04999999999999999,2.0,55,0.0,rebalance
2013-07-02,BSX,BUY,9.34000015258789,5098.374295205598,0.04999999999999999,3.0,55,0.0,rebalance
2013-07-02,STE,BUY,37.55471370558811,333.0335666139499,0.04999999999999999,4.0,55,0.0,rebalance
2013-07-02,DGX,BUY,46.46925642164563,324.66653778434465,0.04999999999999999,5.0,55,0.0,rebalance
2013-07-02,BKR,BUY,24.205176671509804,68.95857377021821,0.04999999999999999,6.0,55,0.0,rebalance
2013-07-02,HST,BUY,9.87649580288225,1092.6276685929806,0.04999999999999999,7.0,55,0.0,rebalance
2013-07-02,SPGI,BUY,44.59820404289868,235.70369767786542,0.04999999999999999,8.0,55,0.0,rebalance
2013-07-02,IBM,BUY,109.3853977947192,276.36878260978983,0.04999999999999999,9.0,55,0.0,rebalance
2013-07-02,CRM,BUY,37.09818256792013,1153.7613083578035,0.04999999999999999,10.0,55,0.0,rebalance
2013-07-02,ALGN,BUY,37.9900016784668,1026.4490644050447,0.04999999999999999,11.0,55,0.0,rebalance
2013-07-02,GD,BUY,59.012453315638105,651.1894738155461,0.04999999999999999,12.0,55,0.0,rebalance
2013-07-02,DIS,BUY,56.26122225497989,4790.338092434727,0.04999999999999999,13.0,55,0.0,rebalance
2013-07-02,PSX,BUY,37.18817755464572,1224.6089270568618,0.04999999999999999,14.0,55,0.0,rebalance
2013-07-02,AMGN,BUY,67.18467156205104,257.76031143120235,0.04999999999999999,15.0,55,0.0,rebalance
2013-07-02,EXPE,BUY,57.50400948798059,16.529892139541516,0.04999999999999999,16.0,55,0.0,rebalance
2013-07-02,CMI,BUY,78.42063061764028,127.9760974895512,0.04999999999999999,17.0,55,0.0,rebalance
2013-07-02,TXT,BUY,25.59835399002848,1288.5541636109665,0.04999999999999999,18.0,55,0.0,rebalance
2013-07-02,OKE,BUY,16.61558905388573,2649.4596803714903,0.04999999999999999,19.0,55,0.0,rebalance
2013-07-02,UNP,BUY,58.343551117369955,413.52725810953234,0.04999999999999999,20.0,55,0.0,rebalance
2013-07-26,BSX,TAKE_PROFIT,10.800000190734863,28855.197082113125,0.0,,0,0.8212479769599998,risk_exit
2013-10-02,VMC,BUY,47.48551310864718,153.89789925840978,0.04999999999999999,1.0,56,0.0,rebalance
2013-10-02,EFX,BUY,52.362152860139,507.10764871534593,0.04999999999999999,2.0,56,0.0,rebalance
2013-10-02,BSX,BUY,11.699999809265137,25464.022799554798,0.04999999999999999,3.0,56,0.0,rebalance
2013-10-02,STE,BUY,37.51496833462314,767.4477308789064,0.04999999999999999,4.0,56,0.0,rebalance
2013-10-02,DGX,BUY,48.039162961784385,404.07993503372836,0.04999999999999999,5.0,56,0.0,rebalance
2013-10-02,BKR,BUY,25.724411774360888,451.0314963867204,0.04999999999999999,6.0,56,0.0,rebalance
2013-10-02,HST,BUY,10.471656073274694,1172.7540066153779,0.04999999999999999,7.0,56,0.0,rebalance
2013-10-02,SPGI,BUY,55.091994681192226,633.2758088931023,0.04999999999999999,8.0,56,0.0,rebalance
2013-10-02,IBM,BUY,106.9128596497099,323.64286233045914,0.04999999999999999,9.0,56,0.0,rebalance
2013-10-02,CRM,BUY,51.3614208085378,1462.2380256535553,0.04999999999999999,10.0,56,0.0,rebalance
2013-10-02,ALGN,BUY,49.22999954223633,1041.1325705730878,0.04999999999999999,11.0,56,0.0,rebalance
2013-10-02,GD,BUY,66.42959058055867,81.34423024316766,0.04999999999999999,12.0,56,0.0,rebalance
2013-10-02,DIS,BUY,56.80770964288379,455.18259270188446,0.04999999999999999,13.0,56,0.0,rebalance
2013-10-02,PSX,BUY,36.58574967914347,897.3031594576132,0.04999999999999999,14.0,56,0.0,rebalance
2013-10-02,AMGN,BUY,79.39329325758943,258.33081435287386,0.04999999999999999,15.0,56,0.0,rebalance
2013-10-02,EXPE,BUY,48.76568976413114,1423.4571675251118,0.04999999999999999,16.0,56,0.0,rebalance
2013-10-02,CMI,BUY,94.55920882428069,285.4316779033784,0.04999999999999999,17.0,56,0.0,rebalance
2013-10-02,TXT,BUY,27.146188709633243,448.40455946611655,0.04999999999999999,18.0,56,0.0,rebalance
2013-10-02,OKE,BUY,21.85936469017842,2589.1094377690188,0.04999999999999999,19.0,56,0.0,rebalance
2013-10-02,UNP,BUY,58.9624761593084,434.3008337111178,0.04999999999999999,20.0,56,0.0,rebalance
2013-10-18,SPGI,TAKE_PROFIT,57.40231555658968,5409.524868546609,0.0,,0,0.8080386499119327,risk_exit
2014-01-03,VMC,BUY,53.179560486146585,74.33838065711552,0.04999999999999999,1.0,57,0.0,rebalance
2014-01-03,EFX,BUY,60.46310879503663,236.87570166480873,0.04999999999999999,2.0,57,0.0,rebalance
2014-01-03,BSX,BUY,11.9399995803833,2148.4485016157923,0.04999999999999999,3.0,57,0.0,rebalance
2014-01-03,STE,BUY,40.92468768975185,112.36813597971923,0.04999999999999999,4.0,57,0.0,rebalance
2014-01-03,DGX,BUY,40.60720094125215,1915.4039330554606,0.04999999999999999,5.0,57,0.0,rebalance
2014-01-03,BKR,BUY,28.2705618813639,77.87614153655886,0.04999999999999999,6.0,57,0.0,rebalance
2014-01-03,HST,BUY,11.411874114911386,432.63550200402824,0.04999999999999999,7.0,57,0.0,rebalance
2014-01-03,SPGI,BUY,64.6948609333076,5096.444245508913,0.04999999999999999,8.0,57,0.0,rebalance
2014-01-03,IBM,BUY,107.65503065711533,275.1352073836615,0.04999999999999999,9.0,57,0.0,rebalance
2014-01-03,CRM,BUY,53.99584971550049,303.58530596901437,0.04999999999999999,10.0,57,0.0,rebalance
2014-01-03,ALGN,BUY,57.02000045776367,270.9291423553195,0.04999999999999999,11.0,57,0.0,rebalance
2014-01-03,GD,BUY,71.97445317143666,94.94886255149868,0.04999999999999999,12.0,57,0.0,rebalance
2014-01-03,DIS,BUY,68.08285489969576,402.97758373366923,0.04999999999999999,13.0,57,0.0,rebalance
2014-01-03,PSX,BUY,48.80055318864639,1389.111696593196,0.04999999999999999,14.0,57,0.0,rebalance
2014-01-03,AMGN,BUY,80.99851584684137,316.8333369138518,0.04999999999999999,15.0,57,0.0,rebalance
2014-01-03,EXPE,BUY,64.44248986490223,994.7126797260589,0.04999999999999999,16.0,57,0.0,rebalance
2014-01-03,CMI,BUY,99.89488395811574,148.7232036639448,0.04999999999999999,17.0,57,0.0,rebalance
2014-01-03,TXT,BUY,35.674182573840476,1736.2990230051746,0.04999999999999999,18.0,57,0.0,rebalance
2014-01-03,OKE,BUY,25.165584289789802,532.2913982837599,0.04999999999999999,19.0,57,0.0,rebalance
2014-01-03,UNP,BUY,63.54249108120943,134.31076813549043,0.04999999999999999,20.0,57,0.0,rebalance
2014-02-14,CRM,TAKE_PROFIT,62.39060997278752,6105.921639011134,0.0,,0,0.8337306486852305,risk_exit
2014-04-02,VMC,BUY,60.08828246894882,212.0427794165007,0.04999999999999999,1.0,58,0.0,rebalance
2014-04-02,EFX,BUY,61.84892276220212,364.30215196120935,0.04999999999999999,2.0,58,0.0,rebalance
2014-04-02,BSX,BUY,13.649999618530273,1255.1404423274435,0.04999999999999999,3.0,58,0.0,rebalance
2014-04-02,STE,BUY,42.70178351250614,369.3865599200053,0.04999999999999999,4.0,58,0.0,rebalance
2014-04-02,DGX,BUY,46.55597401137762,391.17232752371547,0.04999999999999999,5.0,58,0.0,rebalance
2014-04-02,BKR,BUY,34.35635331197805,1190.9600039575198,0.04999999999999999,6.0,58,0.0,rebalance
2014-04-02,HST,BUY,12.2501212960446,477.0014485951324,0.04999999999999999,7.0,58,0.0,rebalance
2014-04-02,SPGI,BUY,64.86262490733984,450.29805867570667,0.04999999999999999,8.0,58,0.0,rebalance
2014-04-02,IBM,BUY,113.14397799012623,117.29032146252212,0.04999999999999999,9.0,58,0.0,rebalance
2014-04-02,CRM,BUY,58.0457830190925,6198.1844407180515,0.04999999999999999,10.0,58,0.0,rebalance
2014-04-02,ALGN,BUY,53.65999984741211,921.2945977879062,0.04999999999999999,11.0,58,0.0,rebalance
2014-04-02,GD,BUY,83.86459743526535,291.66576786695805,0.04999999999999999,12.0,58,0.0,rebalance
2014-04-02,DIS,BUY,72.91913730387478,90.31949090425769,0.04999999999999999,13.0,58,0.0,rebalance
2014-04-02,PSX,BUY,50.865784998324,315.57860120377336,0.04999999999999999,14.0,58,0.0,rebalance
2014-04-02,AMGN,BUY,88.67293159545437,13.808864943987828,0.04999999999999999,15.0,58,0.0,rebalance
2014-04-02,EXPE,BUY,70.55916294951471,18.161816858541897,0.04999999999999999,16.0,58,0.0,rebalance
2014-04-02,CMI,BUY,107.93924975992212,32.06949636622676,0.04999999999999999,17.0,58,0.0,rebalance
2014-04-02,TXT,BUY,39.729154839523446,187.84969976542925,0.04999999999999999,18.0,58,0.0,rebalance
2014-04-02,OKE,BUY,28.016726270117733,261.9928618928552,0.04999999999999999,19.0,58,0.0,rebalance
2014-04-02,UNP,BUY,71.85597813777616,182.6138547166347,0.04999999999999999,20.0,58,0.0,rebalance
2014-05-08,OKE,TAKE_PROFIT,30.574505444515577,12839.050536727658,0.0,,0,0.7997756795840976,risk_exit
2014-06-06,CMI,TAKE_PROFIT,113.4520132253393,3332.4614849749855,0.0,,0,0.818280013737227,risk_exit
2014-07-02,VMC,BUY,58.0806679351482,445.50394933341613,0.04999999999999999,1.0,59,0.0,rebalance
2014-07-02,EFX,BUY,64.30188779200311,6.342292578336128,0.04999999999999999,2.0,59,0.0,rebalance
2014-07-02,BSX,BUY,12.960000038146973,2473.0123518300534,0.04999999999999999,3.0,59,0.0,rebalance
2014-07-02,STE,BUY,47.440074083816036,549.249880280925,0.04999999999999999,4.0,59,0.0,rebalance
2014-07-02,DGX,BUY,46.29477856866187,343.05733978273656,0.04999999999999999,5.0,59,0.0,rebalance
2014-07-02,BKR,BUY,39.38256658191694,984.4562880598442,0.04999999999999999,6.0,59,0.0,rebalance
2014-07-02,HST,BUY,13.293785409876048,1261.9309349672076,0.04999999999999999,7.0,59,0.0,rebalance
2014-07-02,SPGI,BUY,70.03244336918158,211.30231258154345,0.04999999999999999,8.0,59,0.0,rebalance
2014-07-02,IBM,BUY,109.17422436220211,242.71141723445362,0.04999999999999999,9.0,59,0.0,rebalance
2014-07-02,CRM,BUY,58.16373405467123,225.96255599037704,0.04999999999999999,10.0,59,0.0,rebalance
2014-07-02,ALGN,BUY,57.36000061035156,189.19166291645524,0.04999999999999999,11.0,59,0.0,rebalance
2014-07-02,GD,BUY,89.76743466034532,126.59278513161826,0.04999999999999999,12.0,59,0.0,rebalance
2014-07-02,DIS,BUY,77.25574334267358,96.31034360609465,0.04999999999999999,13.0,59,0.0,rebalance
2014-07-02,PSX,BUY,52.122116575981956,97.2376346255478,0.04999999999999999,14.0,59,0.0,rebalance
2014-07-02,AMGN,BUY,84.95711503807183,341.6010322498637,0.04999999999999999,15.0,59,0.0,rebalance
2014-07-02,EXPE,BUY,75.56396853882676,153.02331971795957,0.04999999999999999,16.0,59,0.0,rebalance
2014-07-02,CMI,BUY,112.37019531506934,3325.21443228169,0.04999999999999999,17.0,59,0.0,rebalance
2014-07-02,TXT,BUY,37.76366505783646,839.3730261981418,0.04999999999999999,18.0,59,0.0,rebalance
2014-07-02,OKE,BUY,32.57430241996512,11469.395384914118,0.04999999999999999,19.0,59,0.0,rebalance
2014-07-02,UNP,BUY,76.6760049919686,133.27659578040493,0.04999999999999999,20.0,59,0.0,rebalance
2014-08-19,UNP,TAKE_PROFIT,80.00210571289062,4872.691335708827,0.0,,0,0.8137367426187996,risk_exit
2014-09-08,GD,TAKE_PROFIT,96.77486663768792,4162.452810462411,0.0,,0,0.8030210674214773,risk_exit
2014-10-02,VMC,BUY,53.37105911063809,419.41463619481783,0.04999999999999999,1.0,60,0.0,rebalance
2014-10-02,EFX,BUY,65.32787789067007,212.43094198553717,0.04999999999999999,2.0,60,0.0,rebalance
2014-10-02,BSX,BUY,11.819999694824219,2110.8151925342427,0.04999999999999999,3.0,60,0.0,rebalance
2014-10-02,STE,BUY,47.391623717229564,159.12061485833692,0.04999999999999999,4.0,60,0.0,rebalance
2014-10-02,DGX,BUY,47.36814255013169,350.0245751328757,0.04999999999999999,5.0,60,0.0,rebalance
2014-10-02,BKR,BUY,33.15634228070102,1542.820667031112,0.04999999999999999,6.0,60,0.0,rebalance
2014-10-02,HST,BUY,12.729824552954376,623.4568223390015,0.04999999999999999,7.0,60,0.0,rebalance
2014-10-02,SPGI,BUY,69.39830602774596,65.32427647615077,0.04999999999999999,8.0,60,0.0,rebalance
2014-10-02,IBM,BUY,110.59781921081505,115.625623037075,0.04999999999999999,9.0,60,0.0,rebalance
2014-10-02,CRM,BUY,55.450684927617,171.59359205971396,0.04999999999999999,10.0,60,0.0,rebalance
2014-10-02,ALGN,BUY,49.939998626708984,809.4406443806192,0.04999999999999999,11.0,60,0.0,rebalance
2014-10-02,GD,BUY,95.09057801271183,3846.2937234900564,0.04999999999999999,12.0,60,0.0,rebalance
2014-10-02,DIS,BUY,78.07665836039311,149.79840205658638,0.04999999999999999,13.0,60,0.0,rebalance
2014-10-02,PSX,BUY,51.49028032457839,62.075247160998515,0.04999999999999999,14.0,60,0.0,rebalance
2014-10-02,AMGN,BUY,98.80232300829336,694.5126917068083,0.04999999999999999,15.0,60,0.0,rebalance
2014-10-02,EXPE,BUY,79.25142368388342,327.5574389519934,0.04999999999999999,16.0,60,0.0,rebalance
2014-10-02,CMI,BUY,98.37969452485267,394.3191595164717,0.04999999999999999,17.0,60,0.0,rebalance
2014-10-02,TXT,BUY,34.755642844498645,633.7663440773886,0.04999999999999999,18.0,60,0.0,rebalance
2014-10-02,OKE,BUY,30.88617211080682,376.59745739170285,0.04999999999999999,19.0,60,0.0,rebalance
2014-10-02,UNP,BUY,81.54555197590972,4486.8485490516905,0.04999999999999999,20.0,60,0.0,rebalance
2014-10-28,AMGN,TAKE_PROFIT,107.88064700895123,3703.6096554404685,0.0,,0,0.8441432845501615,risk_exit
2014-12-11,OKE,STOP,21.786277008853602,11845.99284230582,0.0,,0,-0.33118208556016315,risk_exit
2015-01-05,VMC,BUY,60.2221889627858,400.9821086618849,0.04999999999999999,1.0,61,0.0,rebalance
2015-01-05,EFX,BUY,72.16144709618358,214.40462822018435,0.04999999999999999,2.0,61,0.0,rebalance
2015-01-05,BSX,BUY,13.449999809265137,2056.084693066001,0.04999999999999999,3.0,61,0.0,rebalance
2015-01-05,STE,BUY,57.26832812835268,932.6843222809275,0.04999999999999999,4.0,61,0.0,rebalance
2015-01-05,DGX,BUY,54.21220197895852,554.2261811804019,0.04999999999999999,5.0,61,0.0,rebalance
2015-01-05,BKR,BUY,29.190828179945186,2279.109284081507,0.04999999999999999,6.0,61,0.0,rebalance
2015-01-05,HST,BUY,14.495898533050878,1925.8482415183207,0.04999999999999999,7.0,61,0.0,rebalance
2015-01-05,SPGI,BUY,74.0985482794283,26.38103185025102,0.04999999999999999,8.0,61,0.0,rebalance
2015-01-05,IBM,BUY,95.6953149879825,753.3989812527175,0.04999999999999999,9.0,61,0.0,rebalance
2015-01-05,CRM,BUY,57.60343178018046,149.8624684400811,0.04999999999999999,10.0,61,0.0,rebalance
2015-01-05,ALGN,BUY,55.88999938964844,371.1202859977193,0.04999999999999999,11.0,61,0.0,rebalance
2015-01-05,GD,BUY,107.13714017918258,219.45762794025313,0.04999999999999999,12.0,61,0.0,rebalance
2015-01-05,DIS,BUY,84.29208822872188,77.0131244021859,0.04999999999999999,13.0,61,0.0,rebalance
2015-01-05,PSX,BUY,46.64365280732107,1223.7556653732372,0.04999999999999999,14.0,61,0.0,rebalance
2015-01-05,AMGN,BUY,112.34628566394906,3458.9937622653224,0.04999999999999999,15.0,61,0.0,rebalance
2015-01-05,EXPE,BUY,80.2042613103604,231.6582087393581,0.04999999999999999,16.0,61,0.0,rebalance
2015-01-05,CMI,BUY,106.5827872028257,70.61335995574882,0.04999999999999999,17.0,61,0.0,rebalance
2015-01-05,TXT,BUY,41.13652894699196,1072.9170192576548,0.04999999999999999,18.0,61,0.0,rebalance
2015-01-05,OKE,BUY,23.95030497717464,16237.391695014632,0.04999999999999999,19.0,61,0.0,rebalance
2015-01-05,UNP,BUY,91.47245406579887,232.50743709064136,0.04999999999999999,20.0,61,0.0,rebalance
2015-01-09,EFX,TAKE_PROFIT,74.50363657079617,5383.899596159585,0.0,,0,0.8077349367164208,risk_exit
2015-02-11,VMC,TAKE_PROFIT,70.42423931625224,6451.48507569861,0.0,,0,0.8096642183934062,risk_exit
2015-04-02,VMC,BUY,76.4057650750904,5371.553165633407,0.04999999999999999,1.0,62,0.0,rebalance
2015-04-02,EFX,BUY,83.39844628733277,4921.810851158721,0.04999999999999999,2.0,62,0.0,rebalance
2015-04-02,BSX,BUY,17.65999984741211,5642.198670350248,0.04999999999999999,3.0,62,0.0,rebalance
2015-04-02,STE,BUY,60.95406286269221,50.220970490195214,0.04999999999999999,4.0,62,0.0,rebalance
2015-04-02,DGX,BUY,59.97768643584793,322.8768691062769,0.04999999999999999,5.0,62,0.0,rebalance
2015-04-02,BKR,BUY,33.592486906870946,1090.177727900047,0.04999999999999999,6.0,62,0.0,rebalance
2015-04-02,HST,BUY,12.532032196243696,5948.158833071233,0.04999999999999999,7.0,62,0.0,rebalance
2015-04-02,SPGI,BUY,88.46344763074133,603.8491334176442,0.04999999999999999,8.0,62,0.0,rebalance
2015-04-02,IBM,BUY,95.32090650312426,245.68652810239837,0.04999999999999999,9.0,62,0.0,rebalance
2015-04-02,CRM,BUY,65.1233480753342,442.96978502174807,0.04999999999999999,10.0,62,0.0,rebalance
2015-04-02,ALGN,BUY,52.290000915527344,897.0478251498143,0.04999999999999999,11.0,62,0.0,rebalance
2015-04-02,GD,BUY,104.60244285003265,297.1588607561712,0.04999999999999999,12.0,62,0.0,rebalance
2015-04-02,DIS,BUY,95.32561474420704,303.8866816741038,0.04999999999999999,13.0,62,0.0,rebalance
2015-04-02,PSX,BUY,52.25995561887088,476.28334225259096,0.04999999999999999,14.0,62,0.0,rebalance
2015-04-02,AMGN,BUY,112.71865373931305,182.36013523367637,0.04999999999999999,15.0,62,0.0,rebalance
2015-04-02,EXPE,BUY,89.19351524922209,247.20448126362135,0.04999999999999999,16.0,62,0.0,rebalance
2015-04-02,CMI,BUY,101.51793898183615,394.26829746285784,0.04999999999999999,17.0,62,0.0,rebalance
2015-04-02,TXT,BUY,43.99975125912913,125.66569106383395,0.04999999999999999,18.0,62,0.0,rebalance
2015-04-02,OKE,BUY,23.786024090285558,1018.4696597284947,0.04999999999999999,19.0,62,0.0,rebalance
2015-04-02,UNP,BUY,83.45003998217273,664.1777225236965,0.04999999999999999,20.0,62,0.0,rebalance
2015-05-04,EXPE,TAKE_PROFIT,95.31594391234077,4601.773762245653,0.0,,0,0.8224510704589527,risk_exit
2015-06-17,ALGN,TAKE_PROFIT,64.54000091552734,7849.536710625153,0.0,,0,0.8164931925957293,risk_exit
2015-06-19,DIS,TAKE_PROFIT,101.9583729130667,4305.854040568229,0.0,,0,0.8122317437574329,risk_exit
2015-07-02,VMC,BUY,78.10067006457551,68.34573025245209,0.04999999999999999,1.0,63,0.0,rebalance
2015-07-02,EFX,BUY,88.55998451920279,244.91917504067897,0.04999999999999999,2.0,63,0.0,rebalance
2015-07-02,BSX,BUY,17.799999237060547,26.015042984083266,0.04999999999999999,3.0,63,0.0,rebalance
2015-07-02,STE,BUY,57.603744557596734,456.14536940869584,0.04999999999999999,4.0,63,0.0,rebalance
2015-07-02,DGX,BUY,58.20430167029075,272.2489044884551,0.04999999999999999,5.0,63,0.0,rebalance
2015-07-02,BKR,BUY,31.925631850809033,754.1836357196789,0.04999999999999999,6.0,63,0.0,rebalance
2015-07-02,HST,BUY,12.819073735379114,443.50544242490287,0.04999999999999999,7.0,63,0.0,rebalance
2015-07-02,SPGI,BUY,86.54768426906884,145.68517430259635,0.04999999999999999,8.0,63,0.0,rebalance
2015-07-02,IBM,BUY,99.37169918517446,138.03636996165915,0.04999999999999999,9.0,63,0.0,rebalance
2015-07-02,CRM,BUY,69.71391662558212,361.5070817648075,0.04999999999999999,10.0,63,0.0,rebalance
2015-07-02,ALGN,BUY,63.369998931884766,6535.993918112822,0.04999999999999999,11.0,63,0.0,rebalance
2015-07-02,GD,BUY,113.30461291477633,268.91951189566544,0.04999999999999999,12.0,63,0.0,rebalance
2015-07-02,DIS,BUY,104.86906022087292,3949.149366019079,0.04999999999999999,13.0,63,0.0,rebalance
2015-07-02,PSX,BUY,54.07851366138804,196.81436705773922,0.04999999999999999,14.0,63,0.0,rebalance
2015-07-02,AMGN,BUY,111.85404136185493,60.79062356236773,0.04999999999999999,15.0,63,0.0,rebalance
2015-07-02,EXPE,BUY,101.28933567996665,4088.2830651012373,0.04999999999999999,16.0,63,0.0,rebalance
2015-07-02,CMI,BUY,97.865376334365,187.46000089383642,0.04999999999999999,17.0,63,0.0,rebalance
2015-07-02,TXT,BUY,44.20659701846321,37.33119309536414,0.04999999999999999,18.0,63,0.0,rebalance
2015-07-02,OKE,BUY,19.503457055062857,3972.5994556631813,0.04999999999999999,19.0,63,0.0,rebalance
2015-07-02,UNP,BUY,75.18461491582268,587.9481802695909,0.04999999999999999,20.0,63,0.0,rebalance
2015-08-25,OKE,STOP,17.0000455240251,21228.460810406308,0.0,,0,-0.290195029239642,risk_exit
2015-10-02,UNP,SELL,69.75346709900455,5506.467014754337,0.0,,64,-0.14460733407493265,rebalance
2015-10-02,VMC,BUY,83.38940135050258,701.5430252416136,0.04999999999999999,1.0,64,0.0,rebalance
2015-10-02,EFX,BUY,87.32575534248693,283.185882724737,0.04999999999999999,2.0,64,0.0,rebalance
2015-10-02,BSX,BUY,16.43000030517578,82.5327591134519,0.04999999999999999,3.0,64,0.0,rebalance
2015-10-02,STE,BUY,57.94009336602562,568.513161523585,0.04999999999999999,4.0,64,0.0,rebalance
2015-10-02,BKR,BUY,26.959845710315435,1257.3621950884226,0.04999999999999999,5.0,64,0.0,rebalance
2015-10-02,DGX,BUY,48.83954095567056,739.8125634119006,0.04999999999999999,6.0,64,0.0,rebalance
2015-10-02,HST,BUY,10.032819836967695,5934.54450514249,0.04999999999999999,7.0,64,0.0,rebalance
2015-10-02,SPGI,BUY,73.78012404857706,415.470129501673,0.04999999999999999,8.0,64,0.0,rebalance
2015-10-02,IBM,BUY,85.62696324343403,313.8635205483224,0.04999999999999999,9.0,64,0.0,rebalance
2015-10-02,CRM,BUY,70.46097872210156,494.29898468937336,0.04999999999999999,10.0,64,0.0,rebalance
2015-10-02,ALGN,BUY,54.90999984741211,452.8768553825521,0.04999999999999999,11.0,64,0.0,rebalance
2015-10-02,GD,BUY,107.15086378857842,73.48141197706218,0.04999999999999999,12.0,64,0.0,rebalance
2015-10-02,DIS,BUY,91.98992483312935,222.6613543784988,0.04999999999999999,13.0,64,0.0,rebalance
2015-10-02,PSX,BUY,51.52659874001945,209.1823189271181,0.04999999999999999,14.0,64,0.0,rebalance
2015-10-02,EXPE,BUY,111.47402186879891,645.5652870937379,0.04999999999999999,15.0,64,0.0,rebalance
2015-10-02,AMGN,BUY,100.14100605312362,129.62772385934886,0.04999999999999999,16.0,64,0.0,rebalance
2015-10-02,TXT,BUY,36.59446223609829,1120.1569080267636,0.04999999999999999,17.0,64,0.0,rebalance
2015-10-02,CMI,BUY,77.95060487966535,692.7082004491804,0.04999999999999999,18.0,64,0.0,rebalance
2015-10-02,OKE,BUY,16.381677813853656,23429.175497862434,0.04999999999999999,19.0,64,0.0,rebalance
2015-10-02,INTU,BUY,79.63265094865119,4823.176636801517,0.04999999999999999,20.0,64,0.0,rebalance
2015-10-28,CMI,STOP,75.61709681688455,4923.356730648287,0.0,,0,-0.3270715904260427,risk_exit
2015-11-02,STE,TAKE_PROFIT,67.72599640585285,6621.752487031775,0.0,,0,0.9128633339425278,risk_exit
2015-12-08,OKE,STOP,10.899043808628674,23429.175497862434,0.0,,0,-0.33468085916013,risk_exit
2016-01-05,VMC,BUY,84.6278414032348,74.67762637583382,0.04999999999999999,1.0,65,0.0,rebalance
2016-01-05,EFX,BUY,99.61765111687268,421.040270478421,0.04999999999999999,2.0,65,0.0,rebalance
2016-01-05,BSX,BUY,18.0,1364.6832001003859,0.04999999999999999,3.0,65,0.0,rebalance
2016-01-05,STE,BUY,66.53612091529695,5948.0773821069015,0.04999999999999999,4.0,65,0.0,rebalance
2016-01-05,BKR,BUY,25.1874471164765,1481.972315237992,0.04999999999999999,5.0,65,0.0,rebalance
2016-01-05,DGX,BUY,57.16520061210368,932.6460132822685,0.04999999999999999,6.0,65,0.0,rebalance
2016-01-05,HST,BUY,9.739010456283923,2393.060226257294,0.04999999999999999,7.0,65,0.0,rebalance
2016-01-05,SPGI,BUY,80.77489733786426,301.4783072526052,0.04999999999999999,8.0,65,0.0,rebalance
2016-01-05,IBM,BUY,83.80144900284184,240.7488481379878,0.04999999999999999,9.0,65,0.0,rebalance
2016-01-05,CRM,BUY,75.75932637453495,223.0204618482012,0.04999999999999999,10.0,65,0.0,rebalance
2016-01-05,ALGN,BUY,64.63999938964844,866.4074389489415,0.04999999999999999,11.0,65,0.0,rebalance
2016-01-05,GD,BUY,107.76616550867037,90.91350271690044,0.04999999999999999,12.0,65,0.0,rebalance
2016-01-05,DIS,BUY,93.91510865376345,42.334932865793235,0.04999999999999999,13.0,65,0.0,rebalance
2016-01-05,PSX,BUY,54.03388719202486,123.65414280839741,0.04999999999999999,14.0,65,0.0,rebalance
2016-01-05,EXPE,BUY,114.6913087531923,8.055927966748186,0.04999999999999999,15.0,65,0.0,rebalance
2016-01-05,AMGN,BUY,115.74581825534649,412.43850947132796,0.04999999999999999,16.0,65,0.0,rebalance
2016-01-05,TXT,BUY,40.8992746572962,808.8951709160356,0.04999999999999999,17.0,65,0.0,rebalance
2016-01-05,CMI,BUY,68.02981896366855,5817.794243911047,0.04999999999999999,18.0,65,0.0,rebalance
2016-01-05,OKE,BUY,13.067497831015126,30286.28048996846,0.04999999999999999,19.0,65,0.0,rebalance
2016-01-05,INTU,BUY,87.32475084566892,290.70250601019416,0.04999999999999999,20.0,65,0.0,rebalance
2016-04-04,VMC,BUY,97.8727843281456,455.6156113940269,0.04999999999999999,1.0,66,0.0,rebalance
2016-04-04,EFX,BUY,105.75547838768595,66.57278812190452,0.04999999999999999,2.0,66,0.0,rebalance
2016-04-04,BSX,BUY,18.950000762939453,187.75868723358144,0.04999999999999999,3.0,66,0.0,rebalance
2016-04-04,STE,BUY,64.87902558242565,419.01577154713686,0.04999999999999999,4.0,66,0.0,rebalance
2016-04-04,BKR,BUY,22.396599893004772,2731.6937757807536,0.04999999999999999,5.0,66,0.0,rebalance
2016-04-04,DGX,BUY,59.06185593453431,72.46500922847372,0.04999999999999999,6.0,66,0.0,rebalance
2016-04-04,HST,BUY,10.371799656385312,800.7828422155217,0.04999999999999999,7.0,66,0.0,rebalance
2016-04-04,SPGI,BUY,84.94529641588956,35.57202138817138,0.04999999999999999,8.0,66,0.0,rebalance
2016-04-04,IBM,BUY,94.30179684295243,341.1812398603479,0.04999999999999999,9.0,66,0.0,rebalance
2016-04-04,CRM,BUY,74.56008426397747,317.64029657666106,0.04999999999999999,10.0,66,0.0,rebalance
2016-04-04,ALGN,BUY,73.30000305175781,485.7802870565629,0.04999999999999999,11.0,66,0.0,rebalance
2016-04-04,GD,BUY,105.29773713450007,251.37247316110916,0.04999999999999999,12.0,66,0.0,rebalance
2016-04-04,DIS,BUY,90.83246880310851,334.6262932662157,0.04999999999999999,13.0,66,0.0,rebalance
2016-04-04,PSX,BUY,58.04908732245596,206.88205199352888,0.04999999999999999,14.0,66,0.0,rebalance
2016-04-04,EXPE,BUY,102.69459356260293,572.5430206004312,0.04999999999999999,15.0,66,0.0,rebalance
2016-04-04,AMGN,BUY,112.88555632225504,240.74140778820447,0.04999999999999999,16.0,66,0.0,rebalance
2016-04-04,TXT,BUY,36.18115537770557,1742.479501655158,0.04999999999999999,17.0,66,0.0,rebalance
2016-04-04,CMI,BUY,84.01067019212415,899.7162104649851,0.04999999999999999,18.0,66,0.0,rebalance
2016-04-04,OKE,BUY,15.16945241141718,3049.2598595031814,0.04999999999999999,19.0,66,0.0,rebalance
2016-04-04,INTU,BUY,96.39055748511986,246.16034634336665,0.04999999999999999,20.0,66,0.0,rebalance
2016-04-28,BSX,TAKE_PROFIT,22.06999969482422,21798.98095455476,0.0,,0,0.886324790992489,risk_exit
2016-06-02,OKE,TAKE_PROFIT,23.251311258688126,27237.02063046528,0.0,,0,0.7793239041909132,risk_exit
2016-07-05,VMC,BUY,108.86570694938455,138.60040622375027,0.04999999999999999,1.0,67,0.0,rebalance
2016-07-05,EFX,BUY,116.2814108640879,84.35495711057138,0.04999999999999999,2.0,67,0.0,rebalance
2016-07-05,BSX,BUY,23.290000915527344,19080.921638796655,0.04999999999999999,3.0,67,0.0,rebalance
2016-07-05,STE,BUY,61.982371796450046,804.4485938487551,0.04999999999999999,4.0,67,0.0,rebalance
2016-07-05,BKR,BUY,24.201460444533044,77.1429049419894,0.04999999999999999,5.0,67,0.0,rebalance
2016-07-05,DGX,BUY,66.53365171000796,314.6273014887847,0.04999999999999999,6.0,67,0.0,rebalance
2016-07-05,HST,BUY,10.717684942226768,1638.0633550279017,0.04999999999999999,7.0,67,0.0,rebalance
2016-07-05,SPGI,BUY,92.20889716809823,43.22725782309226,0.04999999999999999,8.0,67,0.0,rebalance
2016-07-05,IBM,BUY,94.49313129294138,322.82663348475944,0.04999999999999999,9.0,67,0.0,rebalance
2016-07-05,CRM,BUY,77.75481812069727,175.59508866027227,0.04999999999999999,10.0,67,0.0,rebalance
2016-07-05,ALGN,BUY,82.55000305175781,251.65755342031207,0.04999999999999999,11.0,67,0.0,rebalance
2016-07-05,GD,BUY,113.47406835359524,6.385877055779019,0.04999999999999999,12.0,67,0.0,rebalance
2016-07-05,DIS,BUY,89.43292716746997,421.8122161591373,0.04999999999999999,13.0,67,0.0,rebalance
2016-07-05,PSX,BUY,53.92415092311355,1126.138559703145,0.04999999999999999,14.0,67,0.0,rebalance
2016-07-05,EXPE,BUY,101.56952879248927,353.6854677752908,0.04999999999999999,15.0,67,0.0,rebalance
2016-07-05,AMGN,BUY,113.84267550408178,245.17092215758112,0.04999999999999999,16.0,67,0.0,rebalance
2016-07-05,TXT,BUY,35.76514700146864,1011.1282746231918,0.04999999999999999,17.0,67,0.0,rebalance
2016-07-05,CMI,BUY,86.28805288867686,234.31608453049557,0.04999999999999999,18.0,67,0.0,rebalance
2016-07-05,OKE,BUY,25.408707412331303,17497.82747989981,0.04999999999999999,19.0,67,0.0,rebalance
2016-07-05,INTU,BUY,102.74779624093753,42.871416633009176,0.04999999999999999,20.0,67,0.0,rebalance
2016-07-25,DGX,TAKE_PROFIT,69.47140994319813,6681.007039461236,0.0,,0,0.7957794033376973,risk_exit
2016-10-04,VMC,BUY,101.69432067871094,479.1495921514356,0.04999999999999999,1.0,68,0.0,rebalance
2016-10-04,EFX,BUY,122.04758183723153,21.148364853176645,0.04999999999999999,2.0,68,0.0,rebalance
2016-10-04,BSX,BUY,23.520000457763672,640.7034752328473,0.04999999999999999,3.0,68,0.0,rebalance
2016-10-04,STE,BUY,65.18285212568757,55.375825562709906,0.04999999999999999,4.0,68,0.0,rebalance
2016-10-04,BKR,BUY,27.08501194782914,1241.4559225346493,0.04999999999999999,5.0,68,0.0,rebalance
2016-10-04,DGX,BUY,69.36856888351403,6686.839918983419,0.04999999999999999,6.0,68,0.0,rebalance
2016-10-04,HST,BUY,10.363093040845515,3284.419370628515,0.04999999999999999,7.0,68,0.0,rebalance
2016-10-04,SPGI,BUY,108.98387445886429,564.7109280480945,0.04999999999999999,8.0,68,0.0,rebalance
2016-10-04,IBM,BUY,99.39414665807524,37.22049942234389,0.04999999999999999,9.0,68,0.0,rebalance
2016-10-04,CRM,BUY,69.3895133595804,968.00060797266,0.04999999999999999,10.0,68,0.0,rebalance
2016-10-04,ALGN,BUY,90.58000183105469,263.93338967682575,0.04999999999999999,11.0,68,0.0,rebalance
2016-10-04,GD,BUY,125.17338839710133,211.647218130051,0.04999999999999999,12.0,68,0.0,rebalance
2016-10-04,DIS,BUY,85.18089151988083,475.2358728408926,0.04999999999999999,13.0,68,0.0,rebalance
2016-10-04,PSX,BUY,55.30295678480325,144.20927951713747,0.04999999999999999,14.0,68,0.0,rebalance
2016-10-04,EXPE,BUY,112.41998015381247,250.68026858465055,0.04999999999999999,15.0,68,0.0,rebalance
2016-10-04,AMGN,BUY,124.18940661180825,169.8765497207437,0.04999999999999999,16.0,68,0.0,rebalance
2016-10-04,TXT,BUY,39.504154350822496,687.7375838521948,0.04999999999999999,17.0,68,0.0,rebalance
2016-10-04,CMI,BUY,99.20432349347467,476.2060333716181,0.04999999999999999,18.0,68,0.0,rebalance
2016-10-04,OKE,BUY,27.596465849380724,687.7670167485849,0.04999999999999999,19.0,68,0.0,rebalance
2016-10-04,INTU,BUY,101.11516224991419,258.51861776157875,0.04999999999999999,20.0,68,0.0,rebalance
2017-01-04,VMC,BUY,114.35973939629238,227.38031404847152,0.04999999999999999,1.0,69,0.0,rebalance
2017-01-04,EFX,BUY,108.50975942183123,766.9366242796932,0.04999999999999999,2.0,69,0.0,rebalance
2017-01-04,BSX,BUY,21.959999084472656,2847.7727255774043,0.04999999999999999,3.0,69,0.0,rebalance
2017-01-04,STE,BUY,62.287978471059496,840.6272985222167,0.04999999999999999,4.0,69,0.0,rebalance
2017-01-04,BKR,BUY,34.69594708818612,2841.6638089419193,0.04999999999999999,5.0,69,0.0,rebalance
2017-01-04,DGX,BUY,76.60805939870924,218.4961988107607,0.04999999999999999,6.0,69,0.0,rebalance
2017-01-04,HST,BUY,12.9161782553514,6393.663648665402,0.04999999999999999,7.0,69,0.0,rebalance
2017-01-04,SPGI,BUY,94.13687397139553,1007.9392773317404,0.04999999999999999,8.0,69,0.0,rebalance
2017-01-04,IBM,BUY,106.72061452390146,23.820903330482906,0.04999999999999999,9.0,69,0.0,rebalance
2017-01-04,CRM,BUY,69.87120017024324,406.9010584892894,0.04999999999999999,10.0,69,0.0,rebalance
2017-01-04,ALGN,BUY,96.8499984741211,4.8109181224417625,0.04999999999999999,11.0,69,0.0,rebalance
2017-01-04,GD,BUY,142.52994988853388,229.30181498449156,0.04999999999999999,12.0,69,0.0,rebalance
2017-01-04,DIS,BUY,99.01239126263822,441.21208724734515,0.04999999999999999,13.0,69,0.0,rebalance
2017-01-04,PSX,BUY,60.46143384606665,192.1930630426159,0.04999999999999999,14.0,69,0.0,rebalance
2017-01-04,EXPE,BUY,107.81749071854549,469.70604575309426,0.04999999999999999,15.0,69,0.0,rebalance
2017-01-04,AMGN,BUY,113.63423342204108,625.2910811123879,0.04999999999999999,16.0,69,0.0,rebalance
2017-01-04,TXT,BUY,48.84296455817072,1598.3771877940544,0.04999999999999999,17.0,69,0.0,rebalance
2017-01-04,CMI,BUY,109.3407817450682,144.43770840439265,0.04999999999999999,18.0,69,0.0,rebalance
2017-01-04,OKE,BUY,32.68988815918238,1652.2956399556842,0.04999999999999999,19.0,69,0.0,rebalance
2017-01-04,INTU,BUY,106.30505424104992,73.59247770303955,0.04999999999999999,20.0,69,0.0,rebalance
2017-03-30,ALGN,TAKE_PROFIT,114.58999633789062,5116.28118627029,0.0,,0,0.8082688696438403,risk_exit
2017-04-04,VMC,BUY,109.88132253355508,423.6890477324914,0.04999999999999999,1.0,70,0.0,rebalance
2017-04-04,EFX,BUY,124.70735536398202,375.55000665189255,0.04999999999999999,2.0,70,0.0,rebalance
2017-04-04,BSX,BUY,24.899999618530273,1574.6846800590647,0.04999999999999999,3.0,70,0.0,rebalance
2017-04-04,STE,BUY,63.662622028251555,254.72490882844522,0.04999999999999999,4.0,70,0.0,rebalance
2017-04-04,BKR,BUY,32.412457198422636,1844.523494434421,0.04999999999999999,5.0,70,0.0,rebalance
2017-04-04,DGX,BUY,81.5896751901459,61.06505646025107,0.04999999999999999,6.0,70,0.0,rebalance
2017-04-04,HST,BUY,12.459787002852575,3591.227987342885,0.04999999999999999,7.0,70,0.0,rebalance
2017-04-04,SPGI,BUY,111.95562114466063,594.4622874453735,0.04999999999999999,8.0,70,0.0,rebalance
2017-04-04,IBM,BUY,111.25099260096867,55.82108877477276,0.04999999999999999,9.0,70,0.0,rebalance
2017-04-04,CRM,BUY,81.33288340566594,664.4154218085287,0.04999999999999999,10.0,70,0.0,rebalance
2017-04-04,ALGN,BUY,116.55999755859375,4485.101821453791,0.04999999999999999,11.0,70,0.0,rebalance
2017-04-04,GD,BUY,152.5754462237674,50.44594547513407,0.04999999999999999,12.0,70,0.0,rebalance
2017-04-04,DIS,BUY,105.05675298876494,28.834453908474643,0.04999999999999999,13.0,70,0.0,rebalance
2017-04-04,PSX,BUY,54.87963314509361,1329.3853105973412,0.04999999999999999,14.0,70,0.0,rebalance
2017-04-04,EXPE,BUY,120.35880014899101,252.94063235994872,0.04999999999999999,15.0,70,0.0,rebalance
2017-04-04,AMGN,BUY,123.2124199828584,118.19129463581339,0.04999999999999999,16.0,70,0.0,rebalance
2017-04-04,TXT,BUY,46.22558778958696,1163.595872768783,0.04999999999999999,17.0,70,0.0,rebalance
2017-04-04,CMI,BUY,117.81399898183298,94.82525059738691,0.04999999999999999,18.0,70,0.0,rebalance
2017-04-04,OKE,BUY,30.97902175602207,1715.9730290590396,0.04999999999999999,19.0,70,0.0,rebalance
2017-04-04,INTU,BUY,107.52928560648233,199.98822324171942,0.04999999999999999,20.0,70,0.0,rebalance
2017-04-26,SPGI,TAKE_PROFIT,118.12371682310383,4669.529329037703,0.0,,0,0.8258593514077537,risk_exit
2017-05-03,CMI,TAKE_PROFIT,125.47051218278564,4436.925125603159,0.0,,0,0.8443458191442992,risk_exit
2017-07-05,VMC,BUY,117.55485106502624,27.86320936152788,0.04999999999999999,1.0,71,0.0,rebalance
2017-07-05,EFX,BUY,126.61678596205262,199.24276794256184,0.04999999999999999,2.0,71,0.0,rebalance
2017-07-05,BSX,BUY,27.56999969482422,827.6823256655698,0.04999999999999999,3.0,71,0.0,rebalance
2017-07-05,STE,BUY,74.72954114784675,771.3205531975054,0.04999999999999999,4.0,71,0.0,rebalance
2017-07-05,BKR,BUY,31.890778548150415,1306.08626411542,0.04999999999999999,5.0,71,0.0,rebalance
2017-07-05,DGX,BUY,92.61034236564079,403.9017873320872,0.04999999999999999,6.0,71,0.0,rebalance
2017-07-05,HST,BUY,12.95213205505492,969.7273591479752,0.04999999999999999,7.0,71,0.0,rebalance
2017-07-05,SPGI,BUY,127.27562555478785,4368.35835032061,0.04999999999999999,8.0,71,0.0,rebalance
2017-07-05,IBM,BUY,100.84636572362002,813.5400642151626,0.04999999999999999,9.0,71,0.0,rebalance
2017-07-05,CRM,BUY,84.81269413348288,127.07941559537994,0.04999999999999999,10.0,71,0.0,rebalance
2017-07-05,ALGN,BUY,151.52000427246094,816.1947090002209,0.04999999999999999,11.0,71,0.0,rebalance
2017-07-05,GD,BUY,163.16428768804178,18.402249758153175,0.04999999999999999,12.0,71,0.0,rebalance
2017-07-05,DIS,BUY,100.11728400683079,577.8589449695273,0.04999999999999999,13.0,71,0.0,rebalance
2017-07-05,PSX,BUY,58.71335717631046,55.36716024731504,0.04999999999999999,14.0,71,0.0,rebalance
2017-07-05,EXPE,BUY,142.1231623292097,430.9558772237074,0.04999999999999999,15.0,71,0.0,rebalance
2017-07-05,AMGN,BUY,130.8395178608379,7.1325198817703495,0.04999999999999999,16.0,71,0.0,rebalance
2017-07-05,TXT,BUY,47.15457751746163,483.2265162946205,0.04999999999999999,17.0,71,0.0,rebalance
2017-07-05,CMI,BUY,129.40562722661525,4296.693874484422,0.04999999999999999,18.0,71,0.0,rebalance
2017-07-05,OKE,BUY,29.447204539265883,2007.9509667110397,0.04999999999999999,19.0,71,0.0,rebalance
2017-07-05,INTU,BUY,122.96383806386795,339.5153769572062,0.04999999999999999,20.0,71,0.0,rebalance
2017-09-13,TXT,TAKE_PROFIT,51.70101953173138,11791.34493206494,0.0,,0,0.798704919176134,risk_exit
2017-10-03,VMC,BUY,110.378895718558,439.7834700374342,0.04999999999999999,1.0,72,0.0,rebalance
2017-10-03,EFX,BUY,99.5948544792249,1337.9452727711941,0.04999999999999999,2.0,72,0.0,rebalance
2017-10-03,BSX,BUY,29.43000030517578,779.2112083287539,0.04999999999999999,3.0,72,0.0,rebalance
2017-10-03,STE,BUY,81.83156375233769,467.5582551605721,0.04999999999999999,4.0,72,0.0,rebalance
2017-10-03,BKR,BUY,28.936284829229116,2284.0332799641037,0.04999999999999999,5.0,72,0.0,rebalance
2017-10-03,DGX,BUY,78.27855752195734,1285.8342249884845,0.04999999999999999,6.0,72,0.0,rebalance
2017-10-03,HST,BUY,12.849490908235197,1480.9520487022091,0.04999999999999999,7.0,72,0.0,rebalance
2017-10-03,SPGI,BUY,137.4594239662383,217.2580943013072,0.04999999999999999,8.0,72,0.0,rebalance
2017-10-03,IBM,BUY,95.97130585817278,433.0568069352903,0.04999999999999999,9.0,72,0.0,rebalance
2017-10-03,CRM,BUY,92.5685238636043,390.46475201976136,0.04999999999999999,10.0,72,0.0,rebalance
2017-10-03,ALGN,BUY,187.75,629.7058550232668,0.04999999999999999,11.0,72,0.0,rebalance
2017-10-03,GD,BUY,171.1081483925296,72.80766116200857,0.04999999999999999,12.0,72,0.0,rebalance
2017-10-03,DIS,BUY,93.5848057161941,543.7967204051447,0.04999999999999999,13.0,72,0.0,rebalance
2017-10-03,PSX,BUY,66.71195220806456,916.2975738951482,0.04999999999999999,14.0,72,0.0,rebalance
2017-10-03,EXPE,BUY,141.66862015197424,116.0588406715674,0.04999999999999999,15.0,72,0.0,rebalance
2017-10-03,AMGN,BUY,143.4546012357322,271.58732640269,0.04999999999999999,16.0,72,0.0,rebalance
2017-10-03,TXT,BUY,54.01464894972715,10565.163528682397,0.04999999999999999,17.0,72,0.0,rebalance
2017-10-03,CMI,BUY,135.08768751032665,72.45798893404208,0.04999999999999999,18.0,72,0.0,rebalance
2017-10-03,OKE,BUY,32.05268582806151,1078.4265372160553,0.04999999999999999,19.0,72,0.0,rebalance
2017-10-03,INTU,BUY,132.49647457445332,214.91733367162215,0.04999999999999999,20.0,72,0.0,rebalance
2017-10-04,GD,TAKE_PROFIT,172.19847391130884,3334.889241745639,0.0,,0,0.8108889178093872,risk_exit
2017-10-30,ALGN,TAKE_PROFIT,234.35000610351562,3039.201257430303,0.0,,0,1.0105525996232956,risk_exit
2017-10-30,INTU,TAKE_PROFIT,143.58947712722667,4306.851809158475,0.0,,0,0.8031482741898948,risk_exit
2017-11-17,CRM,TAKE_PROFIT,105.36709844515445,6164.143037350066,0.0,,0,0.8152412279544401,risk_exit
2018-01-03,VMC,BUY,122.85106359727176,329.64768541267404,0.04999999999999999,1.0,73,0.0,rebalance
2018-01-03,EFX,BUY,110.7652704348572,361.12258886510244,0.04999999999999999,2.0,73,0.0,rebalance
2018-01-03,BSX,BUY,25.270000457763672,4141.862328467418,0.04999999999999999,3.0,73,0.0,rebalance
2018-01-03,STE,BUY,80.23893768428876,437.6923944152086,0.04999999999999999,4.0,73,0.0,rebalance
2018-01-03,BKR,BUY,25.619838525452483,3490.7557638754224,0.04999999999999999,5.0,73,0.0,rebalance
2018-01-03,DGX,BUY,82.9058776560406,117.27074892817473,0.04999999999999999,6.0,73,0.0,rebalance
2018-01-03,HST,BUY,14.069285052959925,2145.150861205322,0.04999999999999999,7.0,73,0.0,rebalance
2018-01-03,SPGI,BUY,147.3770461676441,116.58376367914434,0.04999999999999999,8.0,73,0.0,rebalance
2018-01-03,IBM,BUY,103.96794137473651,226.55951296194144,0.04999999999999999,9.0,73,0.0,rebalance
2018-01-03,CRM,BUY,103.11603797407231,5766.503246834928,0.04999999999999999,10.0,73,0.0,rebalance
2018-01-03,ALGN,BUY,226.05999755859375,2629.7447539736036,0.04999999999999999,11.0,73,0.0,rebalance
2018-01-03,GD,BUY,164.78675565283982,3606.4230305723368,0.04999999999999999,12.0,73,0.0,rebalance
2018-01-03,DIS,BUY,105.78451151205512,479.09904352565354,0.04999999999999999,13.0,73,0.0,rebalance
2018-01-03,PSX,BUY,72.70251955395048,378.5453620365179,0.04999999999999999,14.0,73,0.0,rebalance
2018-01-03,EXPE,BUY,119.85319925061151,930.6848103462107,0.04999999999999999,15.0,73,0.0,rebalance
2018-01-03,AMGN,BUY,135.8789741864018,394.9942677696831,0.04999999999999999,16.0,73,0.0,rebalance
2018-01-03,TXT,BUY,56.40826312259133,31.222641432879755,0.04999999999999999,17.0,73,0.0,rebalance
2018-01-03,CMI,BUY,142.3660597272707,50.48201830326798,0.04999999999999999,18.0,73,0.0,rebalance
2018-01-03,OKE,BUY,31.83147164771753,863.8438519021365,0.04999999999999999,19.0,73,0.0,rebalance
2018-01-03,INTU,BUY,148.2845597362297,4007.1633553836427,0.04999999999999999,20.0,73,0.0,rebalance
2018-04-03,VMC,BUY,104.2813737269921,789.0974978029635,0.04999999999999999,1.0,74,0.0,rebalance
2018-04-03,EFX,BUY,106.89918331237905,123.05067942552978,0.04999999999999999,2.0,74,0.0,rebalance
2018-04-03,BSX,BUY,26.889999389648438,1700.2957281039962,0.04999999999999999,3.0,74,0.0,rebalance
2018-04-03,STE,BUY,84.69135286206382,479.323848207031,0.04999999999999999,4.0,74,0.0,rebalance
2018-04-03,BKR,BUY,22.521553095215502,2854.7580855821398,0.04999999999999999,5.0,74,0.0,rebalance
2018-04-03,DGX,BUY,82.77615343909007,81.22967425577463,0.04999999999999999,6.0,74,0.0,rebalance
2018-04-03,HST,BUY,13.111639111645038,2503.0939291495524,0.04999999999999999,7.0,74,0.0,rebalance
2018-04-03,SPGI,BUY,164.30741840804782,462.3418861047958,0.04999999999999999,8.0,74,0.0,rebalance
2018-04-03,IBM,BUY,100.62747719977048,113.81091691492747,0.04999999999999999,9.0,74,0.0,rebalance
2018-04-03,CRM,BUY,114.77434651981659,652.6309202086732,0.04999999999999999,10.0,74,0.0,rebalance
2018-04-03,ALGN,BUY,244.00999450683594,224.15400199143005,0.04999999999999999,11.0,74,0.0,rebalance
2018-04-03,GD,BUY,181.76639796776408,376.98685966811627,0.04999999999999999,12.0,74,0.0,rebalance
2018-04-03,DIS,BUY,93.15902527748825,682.9342696152253,0.04999999999999999,13.0,74,0.0,rebalance
2018-04-03,PSX,BUY,68.88666670817788,346.4896511626639,0.04999999999999999,14.0,74,0.0,rebalance
2018-04-03,EXPE,BUY,103.22137699151418,728.0235469208292,0.04999999999999999,15.0,74,0.0,rebalance
2018-04-03,AMGN,BUY,129.21380934500522,169.89029829091305,0.04999999999999999,16.0,74,0.0,rebalance
2018-04-03,TXT,BUY,57.33765071188519,296.3528749758807,0.04999999999999999,17.0,74,0.0,rebalance
2018-04-03,CMI,BUY,128.86526721726477,381.4195817512318,0.04999999999999999,18.0,74,0.0,rebalance
2018-04-03,OKE,BUY,33.196310076409716,984.6563293257059,0.04999999999999999,19.0,74,0.0,rebalance
2018-04-03,INTU,BUY,160.41740555098443,347.97800206279544,0.04999999999999999,20.0,74,0.0,rebalance
2018-04-20,PSX,TAKE_PROFIT,79.72514007827728,8521.462396670171,0.0,,0,0.806689086469055,risk_exit
2018-05-23,HST,TAKE_PROFIT,15.116195471207574,44765.02272276831,0.0,,0,0.80473248078089,risk_exit
2018-07-03,VMC,BUY,119.1962871350022,76.40132136172451,0.04999999999999999,1.0,75,0.0,rebalance
2018-07-03,EFX,BUY,116.41788036580883,194.0030593731235,0.04999999999999999,2.0,75,0.0,rebalance
2018-07-03,BSX,BUY,32.939998626708984,1737.094907098217,0.04999999999999999,3.0,75,0.0,rebalance
2018-07-03,STE,BUY,99.32447988006476,267.49849873346284,0.04999999999999999,4.0,75,0.0,rebalance
2018-07-03,BKR,BUY,26.826824548025783,1392.9162975141662,0.04999999999999999,5.0,75,0.0,rebalance
2018-07-03,DGX,BUY,93.5789397946042,17.640608847717886,0.04999999999999999,6.0,75,0.0,rebalance
2018-07-03,HST,BUY,15.009123954528965,44099.21007762068,0.04999999999999999,7.0,75,0.0,rebalance
2018-07-03,SPGI,BUY,180.3824555030877,97.19840665284391,0.04999999999999999,8.0,75,0.0,rebalance
2018-07-03,IBM,BUY,94.89634304798454,1142.0122788082972,0.04999999999999999,9.0,75,0.0,rebalance
2018-07-03,CRM,BUY,138.20892185298425,325.052081158532,0.04999999999999999,10.0,75,0.0,rebalance
2018-07-03,ALGN,BUY,341.1000061035156,465.2202228222502,0.04999999999999999,11.0,75,0.0,rebalance
2018-07-03,GD,BUY,156.40725315437726,1002.333521296353,0.04999999999999999,12.0,75,0.0,rebalance
2018-07-03,DIS,BUY,99.83478002492373,328.0340344304477,0.04999999999999999,13.0,75,0.0,rebalance
2018-07-03,PSX,BUY,81.34221191378609,8136.317268054124,0.04999999999999999,14.0,75,0.0,rebalance
2018-07-03,EXPE,BUY,118.48259509234495,104.29272490647327,0.04999999999999999,15.0,75,0.0,rebalance
2018-07-03,AMGN,BUY,145.40251880808677,6.160147455449987,0.04999999999999999,16.0,75,0.0,rebalance
2018-07-03,TXT,BUY,65.86623776161416,195.35072851415498,0.04999999999999999,17.0,75,0.0,rebalance
2018-07-03,CMI,BUY,108.18972099263048,1558.60840059788,0.04999999999999999,18.0,75,0.0,rebalance
2018-07-03,OKE,BUY,41.52113995894455,1753.0585722633332,0.04999999999999999,19.0,75,0.0,rebalance
2018-07-03,INTU,BUY,194.85722995001402,264.72426956927166,0.04999999999999999,20.0,75,0.0,rebalance
2018-10-02,VMC,BUY,104.29102824422189,1223.722727684929,0.04999999999999999,1.0,76,0.0,rebalance
2018-10-02,EFX,BUY,122.4467218141108,86.67131152961883,0.04999999999999999,2.0,76,0.0,rebalance
2018-10-02,BSX,BUY,39.380001068115234,2145.8012563550146,0.04999999999999999,3.0,76,0.0,rebalance
2018-10-02,STE,BUY,106.08814844278307,1.3541287128455224,0.04999999999999999,4.0,76,0.0,rebalance
2018-10-02,BKR,BUY,26.484964769940046,2014.5823517436693,0.04999999999999999,5.0,76,0.0,rebalance
2018-10-02,DGX,BUY,92.21433374129,591.4009167241129,0.04999999999999999,6.0,76,0.0,rebalance
2018-10-02,HST,BUY,15.211470163609343,2364.221821625426,0.04999999999999999,7.0,76,0.0,rebalance
2018-10-02,SPGI,BUY,175.63844544602523,354.69702340239246,0.04999999999999999,8.0,76,0.0,rebalance
2018-10-02,IBM,BUY,104.33732557047985,200.7888244157939,0.04999999999999999,9.0,76,0.0,rebalance
2018-10-02,CRM,BUY,156.56141351872523,274.37612018608525,0.04999999999999999,10.0,76,0.0,rebalance
2018-10-02,ALGN,BUY,390.5199890136719,130.52771178388775,0.04999999999999999,11.0,76,0.0,rebalance
2018-10-02,GD,BUY,171.62367871562165,113.61259370551215,0.04999999999999999,12.0,76,0.0,rebalance
2018-10-02,DIS,BUY,109.82846195493494,194.0398593821883,0.04999999999999999,13.0,76,0.0,rebalance
2018-10-02,PSX,BUY,83.907989176919,286.81614400667695,0.04999999999999999,14.0,76,0.0,rebalance
2018-10-02,EXPE,BUY,126.524756012557,3.3879068948290296,0.04999999999999999,15.0,76,0.0,rebalance
2018-10-02,AMGN,BUY,162.07179356009672,188.23564511260793,0.04999999999999999,16.0,76,0.0,rebalance
2018-10-02,TXT,BUY,71.07274844767461,98.01968015842067,0.04999999999999999,17.0,76,0.0,rebalance
2018-10-02,CMI,BUY,121.71236353083245,306.95210064383355,0.04999999999999999,18.0,76,0.0,rebalance
2018-10-02,OKE,BUY,41.63426047195267,1046.2316975694084,0.04999999999999999,19.0,76,0.0,rebalance
2018-10-02,INTU,BUY,214.95755901328067,106.50660209530724,0.04999999999999999,20.0,76,0.0,rebalance
2019-01-03,VMC,BUY,92.14798660249419,619.5188069457472,0.04999999999999999,1.0,77,0.0,rebalance
2019-01-03,EFX,BUY,87.32839378631678,725.0762668204216,0.04999999999999999,2.0,77,0.0,rebalance
2019-01-03,BSX,BUY,34.2400016784668,1376.5006236280497,0.04999999999999999,3.0,77,0.0,rebalance
2019-01-03,STE,BUY,96.77972122918949,799.963060756254,0.04999999999999999,4.0,77,0.0,rebalance
2019-01-03,BKR,BUY,17.058941097048162,6570.737884369897,0.04999999999999999,5.0,77,0.0,rebalance
2019-01-03,DGX,BUY,69.69747072475712,475.1754775693189,0.04999999999999999,6.0,77,0.0,rebalance
2019-01-03,HST,BUY,12.023373834545973,721.9606391888228,0.04999999999999999,7.0,77,0.0,rebalance
2019-01-03,SPGI,BUY,149.83852715270507,237.79230692786314,0.04999999999999999,8.0,77,0.0,rebalance
2019-01-03,IBM,BUY,79.10286374773558,397.91792491495016,0.04999999999999999,9.0,77,0.0,rebalance
2019-01-03,CRM,BUY,131.2100110753692,190.58404062748195,0.04999999999999999,10.0,77,0.0,rebalance
2019-01-03,ALGN,BUY,200.02999877929688,1026.303476550372,0.04999999999999999,11.0,77,0.0,rebalance
2019-01-03,GD,BUY,130.7035936603346,223.1281894364156,0.04999999999999999,12.0,77,0.0,rebalance
2019-01-03,DIS,BUY,103.90834759597944,974.35595936565,0.04999999999999999,13.0,77,0.0,rebalance
2019-01-03,PSX,BUY,65.0822759866701,295.2233504320702,0.04999999999999999,14.0,77,0.0,rebalance
2019-01-03,EXPE,BUY,108.15731141668132,339.84043600873065,0.04999999999999999,15.0,77,0.0,rebalance
2019-01-03,AMGN,BUY,151.92100781842385,626.0112088152127,0.04999999999999999,16.0,77,0.0,rebalance
2019-01-03,TXT,BUY,45.26115996844718,2591.9755465143407,0.04999999999999999,17.0,77,0.0,rebalance
2019-01-03,CMI,BUY,109.49839242853727,624.5372086472562,0.04999999999999999,18.0,77,0.0,rebalance
2019-01-03,OKE,BUY,33.44628353503906,10.280495490351313,0.04999999999999999,19.0,77,0.0,rebalance
2019-01-03,INTU,BUY,180.80365786804157,149.59039345065457,0.04999999999999999,20.0,77,0.0,rebalance
2019-04-01,STE,TAKE_PROFIT,120.16593111594162,5862.192178938283,0.0,,0,0.8060255010795938,risk_exit
2019-04-02,VMC,BUY,112.51264289925108,111.52215539715507,0.04999999999999999,1.0,78,0.0,rebalance
2019-04-02,EFX,BUY,112.66276987148447,459.67549115742077,0.04999999999999999,2.0,78,0.0,rebalance
2019-04-02,BSX,BUY,38.70000076293945,1005.4021893623576,0.04999999999999999,3.0,78,0.0,rebalance
2019-04-02,STE,BUY,119.5480371539045,5689.475751861861,0.04999999999999999,4.0,78,0.0,rebalance
2019-04-02,BKR,BUY,22.70837453965578,3307.5147235337317,0.04999999999999999,5.0,78,0.0,rebalance
2019-04-02,DGX,BUY,78.79813202343597,491.2573826683629,0.04999999999999999,6.0,78,0.0,rebalance
2019-04-02,HST,BUY,14.426380881624587,44.648238701229275,0.04999999999999999,7.0,78,0.0,rebalance
2019-04-02,SPGI,BUY,189.06893376512897,189.33338384183708,0.04999999999999999,8.0,78,0.0,rebalance
2019-04-02,IBM,BUY,100.16163395454825,382.24385432824965,0.04999999999999999,9.0,78,0.0,rebalance
2019-04-02,CRM,BUY,158.12438831335223,22.992709087293406,0.04999999999999999,10.0,78,0.0,rebalance
2019-04-02,ALGN,BUY,285.75,456.19297331358393,0.04999999999999999,11.0,78,0.0,rebalance
2019-04-02,GD,BUY,144.86556977365748,353.3108701212577,0.04999999999999999,12.0,78,0.0,rebalance
2019-04-02,DIS,BUY,108.38152857866787,814.070272645883,0.04999999999999999,13.0,78,0.0,rebalance
2019-04-02,PSX,BUY,70.96031353261084,865.397395032338,0.04999999999999999,14.0,78,0.0,rebalance
2019-04-02,EXPE,BUY,117.04534916071594,564.0518596724069,0.04999999999999999,15.0,78,0.0,rebalance
2019-04-02,AMGN,BUY,152.82480489944837,715.148380327535,0.04999999999999999,16.0,78,0.0,rebalance
2019-04-02,TXT,BUY,51.06457781020809,781.5169018938959,0.04999999999999999,17.0,78,0.0,rebalance
2019-04-02,CMI,BUY,135.3832124145403,159.0346497423334,0.04999999999999999,18.0,78,0.0,rebalance
2019-04-02,OKE,BUY,43.79704320486075,1437.6736150373254,0.04999999999999999,19.0,78,0.0,rebalance
2019-04-02,INTU,BUY,255.0179798140979,471.60217548160153,0.04999999999999999,20.0,78,0.0,rebalance
2019-06-25,BSX,TAKE_PROFIT,42.060001373291016,17575.391628198016,0.0,,0,0.8059252777980697,risk_exit
2019-07-02,VMC,BUY,129.83595445438598,527.8732560515155,0.04999999999999999,1.0,79,0.0,rebalance
2019-07-02,EFX,BUY,128.23071873085433,450.6310242276095,0.04999999999999999,2.0,79,0.0,rebalance
2019-07-02,BSX,BUY,43.04999923706055,16640.30049415916,0.04999999999999999,3.0,79,0.0,rebalance
2019-07-02,STE,BUY,140.5217546705781,592.4704881025218,0.04999999999999999,4.0,79,0.0,rebalance
2019-07-02,BKR,BUY,20.67003439516282,4701.7732958850065,0.04999999999999999,5.0,79,0.0,rebalance
2019-07-02,DGX,BUY,88.64951676720159,551.451601264268,0.04999999999999999,6.0,79,0.0,rebalance
2019-07-02,HST,BUY,13.692392912457837,5168.3673895249085,0.04999999999999999,7.0,79,0.0,rebalance
2019-07-02,SPGI,BUY,206.44697122001062,127.57492196852172,0.04999999999999999,8.0,79,0.0,rebalance
2019-07-02,IBM,BUY,98.80613585474795,459.1950195149502,0.04999999999999999,9.0,79,0.0,rebalance
2019-07-02,CRM,BUY,151.66608478295626,421.6206821397591,0.04999999999999999,10.0,79,0.0,rebalance
2019-07-02,ALGN,BUY,272.6499938964844,246.99156891835855,0.04999999999999999,11.0,79,0.0,rebalance
2019-07-02,GD,BUY,155.3481783590032,84.14924739926846,0.04999999999999999,12.0,79,0.0,rebalance
2019-07-02,DIS,BUY,135.44099322380964,986.8614654934881,0.04999999999999999,13.0,79,0.0,rebalance
2019-07-02,PSX,BUY,70.47286612056953,579.2388544029782,0.04999999999999999,14.0,79,0.0,rebalance
2019-07-02,EXPE,BUY,130.30454170412753,313.6765866678461,0.04999999999999999,15.0,79,0.0,rebalance
2019-07-02,AMGN,BUY,149.49568265145246,340.9635537983786,0.04999999999999999,16.0,79,0.0,rebalance
2019-07-02,TXT,BUY,52.65161567381938,285.42199841289766,0.04999999999999999,17.0,79,0.0,rebalance
2019-07-02,CMI,BUY,143.50661755174764,32.35897404638217,0.04999999999999999,18.0,79,0.0,rebalance
2019-07-02,OKE,BUY,43.68004003511986,869.3990012542963,0.04999999999999999,19.0,79,0.0,rebalance
2019-07-02,INTU,BUY,251.70989003318093,178.6922519988757,0.04999999999999999,20.0,79,0.0,rebalance
2019-07-15,INTU,TAKE_PROFIT,268.16044481032657,2845.454164722888,0.0,,0,0.8084178507009325,risk_exit
2019-08-09,SPGI,TAKE_PROFIT,228.5806458480942,3469.369423552377,0.0,,0,0.7959498910472687,risk_exit
2019-09-09,OKE,TAKE_PROFIT,45.99941253822344,16397.06782035869,0.0,,0,0.8103798745739854,risk_exit
2019-09-16,VMC,TAKE_PROFIT,138.55452398076298,5517.361605727836,0.0,,0,0.8134040519664156,risk_exit
2019-10-02,VMC,BUY,139.77971348638127,5027.424588150453,0.04999999999999999,1.0,80,0.0,rebalance
2019-10-02,EFX,BUY,129.66724764175447,165.6634505558368,0.04999999999999999,2.0,80,0.0,rebalance
2019-10-02,BSX,BUY,39.77000045776367,1033.808109971429,0.04999999999999999,3.0,80,0.0,rebalance
2019-10-02,STE,BUY,131.38574510563635,253.06982441220316,0.04999999999999999,4.0,80,0.0,rebalance
2019-10-02,BKR,BUY,18.75048754419827,2837.9750345936554,0.04999999999999999,5.0,80,0.0,rebalance
2019-10-02,DGX,BUY,92.04658528122994,442.695528255068,0.04999999999999999,6.0,80,0.0,rebalance
2019-10-02,HST,BUY,12.879175668162002,2269.3670621283454,0.04999999999999999,7.0,80,0.0,rebalance
2019-10-02,SPGI,BUY,215.12960391757252,3267.497042808992,0.04999999999999999,8.0,80,0.0,rebalance
2019-10-02,IBM,BUY,101.71579987619988,335.7775723157283,0.04999999999999999,9.0,80,0.0,rebalance
2019-10-02,CRM,BUY,143.57605400832836,174.98312398451708,0.04999999999999999,10.0,80,0.0,rebalance
2019-10-02,ALGN,BUY,181.44000244140625,1248.5709628182549,0.04999999999999999,11.0,80,0.0,rebalance
2019-10-02,GD,BUY,151.3485380889383,35.96264956475807,0.04999999999999999,12.0,80,0.0,rebalance
2019-10-02,DIS,BUY,123.85650002889777,389.6615593282695,0.04999999999999999,13.0,80,0.0,rebalance
2019-10-02,PSX,BUY,76.18971938366505,932.7632322715945,0.04999999999999999,14.0,80,0.0,rebalance
2019-10-02,EXPE,BUY,131.17410343850372,135.51380258443896,0.04999999999999999,15.0,80,0.0,rebalance
2019-10-02,AMGN,BUY,156.66502572570008,302.20457433494266,0.04999999999999999,16.0,80,0.0,rebalance
2019-10-02,TXT,BUY,46.83183951097077,1412.937496329334,0.04999999999999999,17.0,80,0.0,rebalance
2019-10-02,CMI,BUY,131.56831674141,354.4388655482544,0.04999999999999999,18.0,80,0.0,rebalance
2019-10-02,OKE,BUY,46.10135802704906,15255.699032726685,0.04999999999999999,19.0,80,0.0,rebalance
2019-10-02,INTU,BUY,250.29266677664342,2810.6238423164546,0.04999999999999999,20.0,80,0.0,rebalance
2020-01-03,VMC,BUY,133.5240374527467,700.7498934547593,0.04999999999999999,1.0,81,0.0,rebalance
2020-01-03,EFX,BUY,133.10603479137492,325.6283970300019,0.04999999999999999,2.0,81,0.0,rebalance
2020-01-03,BSX,BUY,44.52000045776367,492.4375618009435,0.04999999999999999,3.0,81,0.0,rebalance
2020-01-03,STE,BUY,140.92014580030556,77.87883971132396,0.04999999999999999,4.0,81,0.0,rebalance
2020-01-03,BKR,BUY,21.65996871698863,2174.1427411018813,0.04999999999999999,5.0,81,0.0,rebalance
2020-01-03,DGX,BUY,91.2431816302221,746.8532321732628,0.04999999999999999,6.0,81,0.0,rebalance
2020-01-03,HST,BUY,13.880041281627733,536.2676415065798,0.04999999999999999,7.0,81,0.0,rebalance
2020-01-03,SPGI,BUY,245.4125484007467,150.293068175597,0.04999999999999999,8.0,81,0.0,rebalance
2020-01-03,IBM,BUY,96.67801968312772,999.4887467662929,0.04999999999999999,9.0,81,0.0,rebalance
2020-01-03,CRM,BUY,162.25294676677476,182.32853238019015,0.04999999999999999,10.0,81,0.0,rebalance
2020-01-03,ALGN,BUY,279.1000061035156,1134.4607568907118,0.04999999999999999,11.0,81,0.0,rebalance
2020-01-03,GD,BUY,152.61993080107544,364.5264237440215,0.04999999999999999,12.0,81,0.0,rebalance
2020-01-03,DIS,BUY,141.944038134224,289.9072020285503,0.04999999999999999,13.0,81,0.0,rebalance
2020-01-03,PSX,BUY,85.06434141600975,239.97471798925835,0.04999999999999999,14.0,81,0.0,rebalance
2020-01-03,EXPE,BUY,107.84660982577074,1729.9953218385763,0.04999999999999999,15.0,81,0.0,rebalance
2020-01-03,AMGN,BUY,193.20977777634405,530.0187504615747,0.04999999999999999,16.0,81,0.0,rebalance
2020-01-03,TXT,BUY,44.47232728616544,2181.057440065415,0.04999999999999999,17.0,81,0.0,rebalance
2020-01-03,CMI,BUY,151.0355376567289,281.18805682488164,0.04999999999999999,18.0,81,0.0,rebalance
2020-01-03,OKE,BUY,49.01169589689758,349.5746786055188,0.04999999999999999,19.0,81,0.0,rebalance
2020-01-03,INTU,BUY,249.2773263523465,257.59969483547366,0.04999999999999999,20.0,81,0.0,rebalance
2020-02-11,CRM,TAKE_PROFIT,188.2236109382144,4715.142649310948,0.0,,0,0.8253572832728666,risk_exit
2020-02-14,EFX,TAKE_PROFIT,154.76345151247497,5746.501230543514,0.0,,0,0.8557114478999794,risk_exit
2020-02-27,BKR,STOP,14.632948562037416,35314.75067546351,0.0,,0,-0.33636429750804653,risk_exit
2020-03-04,PSX,STOP,57.16693217252917,8990.255061667334,0.0,,0,-0.2972046022903838,risk_exit
2020-03-06,TXT,STOP,35.464764187661466,17197.126986816944,0.0,,0,-0.34342322171399375,risk_exit
2020-03-06,HST,STOP,9.810419574359978,55114.74639289353,0.0,,0,-0.3463696079743742,risk_exit
2020-03-10,OKE,STOP,27.37194108409864,15605.273711332204,0.0,,0,-0.4062660568905867,risk_exit
2020-03-13,EXPE,STOP,67.75952185231799,7091.010198111688,0.0,,0,-0.33103004973385675,risk_exit
2020-03-13,GD,STOP,119.97462491929089,5010.935983962246,0.0,,0,-0.27194012380434085,risk_exit
2020-03-17,VMC,STOP,92.29854047867438,5728.174481605212,0.0,,0,-0.3396857227950534,risk_exit
2020-03-17,BSX,STOP,28.100000381469727,17181.671042329646,0.0,,0,-0.34727059513443104,risk_exit
2020-03-19,ALGN,STOP,141.2899932861328,2741.055095458725,0.0,,0,-0.37498896393860626,risk_exit
2020-03-24,CMI,STOP,95.33152802117485,5064.149725239791,0.0,,0,-0.2633123453415964,risk_exit
2020-04-02,VMC,BUY,102.11935419901681,5634.73612791576,0.04999999999999999,1.0,82,0.0,rebalance
2020-04-02,EFX,BUY,106.65419868718374,5393.375800746223,0.04999999999999999,2.0,82,0.0,rebalance
2020-04-02,BSX,BUY,30.010000228881836,19180.048609828813,0.04999999999999999,3.0,82,0.0,rebalance
2020-04-02,STE,BUY,129.81408094334728,992.6424445904431,0.04999999999999999,4.0,82,0.0,rebalance
2020-04-02,BKR,BUY,8.557625027526313,67279.1180874714,0.04999999999999999,5.0,82,0.0,rebalance
2020-04-02,DGX,BUY,68.07658412475548,58.3843538390247,0.04999999999999999,6.0,82,0.0,rebalance
2020-04-02,HST,BUY,7.963220863880337,72169.99711069737,0.04999999999999999,7.0,82,0.0,rebalance
2020-04-02,SPGI,BUY,209.05760025434355,365.8626416920074,0.04999999999999999,8.0,82,0.0,rebalance
2020-04-02,IBM,BUY,77.06325889316454,449.00301738277994,0.04999999999999999,9.0,82,0.0,rebalance
2020-04-02,CRM,BUY,131.7309801791545,4366.2953708850355,0.04999999999999999,10.0,82,0.0,rebalance
2020-04-02,ALGN,BUY,155.07000732421875,3709.209238330208,0.04999999999999999,11.0,82,0.0,rebalance
2020-04-02,GD,BUY,108.55830546922463,5302.055242356805,0.04999999999999999,12.0,82,0.0,rebalance
2020-04-02,DIS,BUY,91.33283796105533,917.9167749941716,0.04999999999999999,13.0,82,0.0,rebalance
2020-04-02,PSX,BUY,39.77434506251914,14480.616939797088,0.04999999999999999,14.0,82,0.0,rebalance
2020-04-02,EXPE,BUY,50.37515689994717,11411.265493610308,0.04999999999999999,15.0,82,0.0,rebalance
2020-04-02,AMGN,BUY,159.5064664742658,351.27443069775836,0.04999999999999999,16.0,82,0.0,rebalance
2020-04-02,TXT,BUY,24.181630048369847,23793.22086140543,0.04999999999999999,17.0,82,0.0,rebalance
2020-04-02,CMI,BUY,110.73612792494808,5201.09697180132,0.04999999999999999,18.0,82,0.0,rebalance
2020-04-02,OKE,BUY,13.058534620683538,44130.86877715893,0.04999999999999999,19.0,82,0.0,rebalance
2020-04-02,INTU,BUY,206.3134988187813,280.42923361334897,0.04999999999999999,20.0,82,0.0,rebalance
2020-05-19,OKE,TAKE_PROFIT,23.632020629134942,44130.86877715893,0.0,,0,0.8096992745038909,risk_exit
2020-06-08,EXPE,TAKE_PROFIT,94.13240278653345,11411.265493610308,0.0,,0,0.868627485835824,risk_exit
2020-06-08,ALGN,TAKE_PROFIT,286.30999755859375,3709.209238330208,0.0,,0,0.8463273620667329,risk_exit
2020-06-09,BKR,TAKE_PROFIT,15.614605325603952,67279.1180874714,0.0,,0,0.8246423832989029,risk_exit
2020-07-02,VMC,BUY,112.67757608499015,1492.4531446931505,0.04999999999999999,1.0,83,0.0,rebalance
2020-07-02,EFX,BUY,166.9470325490876,584.1340966519483,0.04999999999999999,2.0,83,0.0,rebalance
2020-07-02,BSX,BUY,35.650001525878906,3342.4262237398616,0.04999999999999999,3.0,83,0.0,rebalance
2020-07-02,STE,BUY,147.48013915200832,1008.5701909147438,0.04999999999999999,4.0,83,0.0,rebalance
2020-07-02,BKR,BUY,13.40097776999355,59905.893577355986,0.04999999999999999,5.0,83,0.0,rebalance
2020-07-02,DGX,BUY,101.86816513959454,569.5055141864786,0.04999999999999999,6.0,83,0.0,rebalance
2020-07-02,HST,BUY,8.821768568150672,18739.064105335434,0.04999999999999999,7.0,83,0.0,rebalance
2020-07-02,SPGI,BUY,303.792400619866,112.20382121168268,0.04999999999999999,8.0,83,0.0,rebalance
2020-07-02,IBM,BUY,88.71025542141737,1574.4245704664027,0.04999999999999999,9.0,83,0.0,rebalance
2020-07-02,CRM,BUY,189.8750739354542,144.03438963118242,0.04999999999999999,10.0,83,0.0,rebalance
2020-07-02,ALGN,BUY,279.1499938964844,2871.9725026453707,0.04999999999999999,11.0,83,0.0,rebalance
2020-07-02,GD,BUY,131.05760805793247,809.368658203065,0.04999999999999999,12.0,83,0.0,rebalance
2020-07-02,DIS,BUY,111.49976227002576,876.8336018238278,0.04999999999999999,13.0,83,0.0,rebalance
2020-07-02,PSX,BUY,54.96014236305495,89.49456860603277,0.04999999999999999,14.0,83,0.0,rebalance
2020-07-02,EXPE,BUY,85.42045309867822,9374.468454275395,0.04999999999999999,15.0,83,0.0,rebalance
2020-07-02,AMGN,BUY,208.87509518606825,221.78472816588328,0.04999999999999999,16.0,83,0.0,rebalance
2020-07-02,TXT,BUY,32.60807269163591,735.9037037179733,0.04999999999999999,17.0,83,0.0,rebalance
2020-07-02,CMI,BUY,150.28893700514533,120.74663848108594,0.04999999999999999,18.0,83,0.0,rebalance
2020-07-02,OKE,BUY,22.2748732614521,35905.96554721166,0.04999999999999999,19.0,83,0.0,rebalance
2020-07-02,INTU,BUY,291.6728318545025,49.04436526258178,0.04999999999999999,20.0,83,0.0,rebalance
2020-07-02,AMGN,TAKE_PROFIT,208.87509518606825,3829.211262015831,0.0,,0,0.8592078407545827,risk_exit
2020-08-27,CRM,TAKE_PROFIT,262.4593403423332,4222.260981253853,0.0,,0,0.9923888821398561,risk_exit
2020-10-02,VMC,BUY,125.9965792929983,501.95924288745846,0.04999999999999999,1.0,84,0.0,rebalance
2020-10-02,EFX,BUY,149.92447189460452,758.2642470093542,0.04999999999999999,2.0,84,0.0,rebalance
2020-10-02,BSX,BUY,37.79999923706055,439.06411888102593,0.04999999999999999,3.0,84,0.0,rebalance
2020-10-02,STE,BUY,163.40126365434182,335.3575506211073,0.04999999999999999,4.0,84,0.0,rebalance
2020-10-02,BKR,BUY,10.577188450763893,19009.27378005797,0.04999999999999999,5.0,84,0.0,rebalance
2020-10-02,DGX,BUY,99.30718911239669,536.6210243792966,0.04999999999999999,6.0,84,0.0,rebalance
2020-10-02,HST,BUY,8.459445303294387,7810.533387343385,0.04999999999999999,7.0,84,0.0,rebalance
2020-10-02,SPGI,BUY,323.7168687316689,58.99377223419697,0.04999999999999999,8.0,84,0.0,rebalance
2020-10-02,IBM,BUY,89.3837289956474,306.2044768536871,0.04999999999999999,9.0,84,0.0,rebalance
2020-10-02,CRM,BUY,245.50269191258957,3402.2004822628164,0.04999999999999999,10.0,84,0.0,rebalance
2020-10-02,ALGN,BUY,312.0199890136719,193.0797721134777,0.04999999999999999,11.0,84,0.0,rebalance
2020-10-02,GD,BUY,117.11456809759864,1025.2980988064319,0.04999999999999999,12.0,84,0.0,rebalance
2020-10-02,DIS,BUY,118.27700877317525,114.32645394816973,0.04999999999999999,13.0,84,0.0,rebalance
2020-10-02,PSX,BUY,38.84212753401072,6953.139114973712,0.04999999999999999,14.0,84,0.0,rebalance
2020-10-02,EXPE,BUY,88.12689096600414,116.08441016441975,0.04999999999999999,15.0,84,0.0,rebalance
2020-10-02,AMGN,BUY,209.88342451787506,3985.017880335392,0.04999999999999999,16.0,84,0.0,rebalance
2020-10-02,TXT,BUY,34.07587388915279,30.322039889288135,0.04999999999999999,17.0,84,0.0,rebalance
2020-10-02,CMI,BUY,177.51461440694308,607.3819670729536,0.04999999999999999,18.0,84,0.0,rebalance
2020-10-02,OKE,BUY,17.183445260787835,12791.872837481475,0.04999999999999999,19.0,84,0.0,rebalance
2020-10-02,INTU,BUY,312.5955505697718,60.9056158810381,0.04999999999999999,20.0,84,0.0,rebalance
2020-11-04,CMI,TAKE_PROFIT,200.34127676802945,4714.461643209453,0.0,,0,0.8091771901561491,risk_exit
2020-11-11,TXT,TAKE_PROFIT,43.60599519528856,24559.44660501269,0.0,,0,0.8032694697613307,risk_exit
2020-12-03,ALGN,TAKE_PROFIT,506.239990234375,2678.892730531893,0.0,,0,0.8135052885657634,risk_exit
2021-01-05,VMC,BUY,139.9462041140143,572.2937349698414,0.04999999999999999,1.0,85,0.0,rebalance
2021-01-05,EFX,BUY,180.68348295512422,7.248934009606273,0.04999999999999999,2.0,85,0.0,rebalance
2021-01-05,BSX,BUY,35.38999938964844,6378.47079876026,0.04999999999999999,3.0,85,0.0,rebalance
2021-01-05,STE,BUY,180.3906078611758,475.0686745498606,0.04999999999999999,4.0,85,0.0,rebalance
2021-01-05,BKR,BUY,18.59593675917791,24752.584679695952,0.04999999999999999,5.0,85,0.0,rebalance
2021-01-05,DGX,BUY,108.69238756243456,860.8154601212591,0.04999999999999999,6.0,85,0.0,rebalance
2021-01-05,HST,BUY,11.129605960125424,8190.169357084553,0.04999999999999999,7.0,85,0.0,rebalance
2021-01-05,SPGI,BUY,299.04317157904757,789.1034968075242,0.04999999999999999,8.0,85,0.0,rebalance
2021-01-05,IBM,BUY,95.2275214505747,1236.7313788676347,0.04999999999999999,9.0,85,0.0,rebalance
2021-01-05,CRM,BUY,215.75730101088095,1267.6403471919116,0.04999999999999999,10.0,85,0.0,rebalance
2021-01-05,ALGN,BUY,526.969970703125,1912.0697550657137,0.04999999999999999,11.0,85,0.0,rebalance
2021-01-05,GD,BUY,129.02449257064234,672.2960394409829,0.04999999999999999,12.0,85,0.0,rebalance
2021-01-05,DIS,BUY,170.8370082579287,1170.5811779692813,0.04999999999999999,13.0,85,0.0,rebalance
2021-01-05,PSX,BUY,56.39790232588605,3659.769023694731,0.04999999999999999,14.0,85,0.0,rebalance
2021-01-05,EXPE,BUY,129.85924774823624,1732.3022940188166,0.04999999999999999,15.0,85,0.0,rebalance
2021-01-05,AMGN,BUY,189.99407549422014,1317.7218822412478,0.04999999999999999,16.0,85,0.0,rebalance
2021-01-05,TXT,BUY,46.29845098300757,21760.418989757964,0.04999999999999999,17.0,85,0.0,rebalance
2021-01-05,CMI,BUY,193.38873977515024,5208.515128029939,0.04999999999999999,18.0,85,0.0,rebalance
2021-01-05,OKE,BUY,27.244497927701257,11719.9513357463,0.04999999999999999,19.0,85,0.0,rebalance
2021-01-05,INTU,BUY,355.66050572892317,155.17081906650492,0.04999999999999999,20.0,85,0.0,rebalance
2021-02-19,EXPE,TAKE_PROFIT,155.70861450837816,7758.250570420998,0.0,,0,0.8228493160590313,risk_exit
2021-02-24,DIS,TAKE_PROFIT,191.56630487215995,5897.708510873313,0.0,,0,0.8267190005201457,risk_exit
2021-03-09,PSX,TAKE_PROFIT,71.45384280607611,17863.4815996821,0.0,,0,0.7964806885886289,risk_exit
2021-03-18,HST,TAKE_PROFIT,14.516536625090708,90529.42524629163,0.0,,0,0.8229478841827649,risk_exit
2021-04-05,VMC,BUY,162.53757025485632,174.42686271709954,0.04999999999999999,1.0,86,0.0,rebalance
2021-04-05,EFX,BUY,176.96792121200684,875.8246769365378,0.04999999999999999,2.0,86,0.0,rebalance
2021-04-05,BSX,BUY,38.869998931884766,904.7584679696884,0.04999999999999999,3.0,86,0.0,rebalance
2021-04-05,STE,BUY,185.6195877615579,565.9098465440884,0.04999999999999999,4.0,86,0.0,rebalance
2021-04-05,BKR,BUY,19.07353997581486,5681.511696474547,0.04999999999999999,5.0,86,0.0,rebalance
2021-04-05,DGX,BUY,116.40174207335663,536.1025964457422,0.04999999999999999,6.0,86,0.0,rebalance
2021-04-05,HST,BUY,13.563470382894868,84155.25294937094,0.04999999999999999,7.0,86,0.0,rebalance
2021-04-05,SPGI,BUY,328.121007225929,108.35001487121099,0.04999999999999999,8.0,86,0.0,rebalance
2021-04-05,IBM,BUY,103.16184765671609,479.966573205058,0.04999999999999999,9.0,86,0.0,rebalance
2021-04-05,CRM,BUY,215.87522694145366,615.9089176840926,0.04999999999999999,10.0,86,0.0,rebalance
2021-04-05,ALGN,BUY,550.3300170898438,161.29613363641693,0.04999999999999999,11.0,86,0.0,rebalance
2021-04-05,GD,BUY,161.96249028020378,764.2208109219273,0.04999999999999999,12.0,86,0.0,rebalance
2021-04-05,DIS,BUY,185.6422532083941,6146.442511935782,0.04999999999999999,13.0,86,0.0,rebalance
2021-04-05,PSX,BUY,67.66480076029437,16852.107835066574,0.04999999999999999,14.0,86,0.0,rebalance
2021-04-05,EXPE,BUY,175.48334020339078,6498.490975550444,0.04999999999999999,15.0,86,0.0,rebalance
2021-04-05,AMGN,BUY,210.06331788082306,123.34641382237714,0.04999999999999999,16.0,86,0.0,rebalance
2021-04-05,TXT,BUY,57.16652059591651,1821.7866287010147,0.04999999999999999,17.0,86,0.0,rebalance
2021-04-05,CMI,BUY,229.46402519468612,241.01312472625978,0.04999999999999999,18.0,86,0.0,rebalance
2021-04-05,OKE,BUY,37.80115677903521,6822.981611617626,0.04999999999999999,19.0,86,0.0,rebalance
2021-04-05,INTU,BUY,382.32001076785644,148.49321610216748,0.04999999999999999,20.0,86,0.0,rebalance
2021-04-23,EFX,TAKE_PROFIT,213.8050388445388,6450.579562049773,0.0,,0,1.0046565580753928,risk_exit
2021-05-07,DGX,TAKE_PROFIT,125.22289283228528,9806.027869551703,0.0,,0,0.8051820132337408,risk_exit
2021-05-11,OKE,TAKE_PROFIT,39.74386195021043,30154.905437329206,0.0,,0,0.7842463785861076,risk_exit
2021-05-18,VMC,TAKE_PROFIT,185.36611653945408,7023.096901974194,0.0,,0,0.8151908420631078,risk_exit
2021-06-10,INTU,TAKE_PROFIT,450.04015120011957,2981.5083575636318,0.0,,0,0.798055680159927,risk_exit
2021-07-02,VMC,BUY,166.23164609335285,7425.015327056608,0.04999999999999999,1.0,87,0.0,rebalance
2021-07-02,EFX,BUY,232.1296318301473,5317.95144581213,0.04999999999999999,2.0,87,0.0,rebalance
2021-07-02,BSX,BUY,43.400001525878906,922.8211363937698,0.04999999999999999,3.0,87,0.0,rebalance
2021-07-02,STE,BUY,200.4460079538286,9.081602329410089,0.04999999999999999,4.0,87,0.0,rebalance
2021-07-02,BKR,BUY,20.579096207834205,142.17951093793818,0.04999999999999999,5.0,87,0.0,rebalance
2021-07-02,DGX,BUY,119.90328504734167,10295.505539129097,0.04999999999999999,6.0,87,0.0,rebalance
2021-07-02,HST,BUY,13.642234889161942,6339.689821921929,0.04999999999999999,7.0,87,0.0,rebalance
2021-07-02,SPGI,BUY,374.0064245547077,176.70939421495586,0.04999999999999999,8.0,87,0.0,rebalance
2021-07-02,IBM,BUY,114.67258641340167,295.0058541583585,0.04999999999999999,9.0,87,0.0,rebalance
2021-07-02,CRM,BUY,242.72081886228045,199.4053811178701,0.04999999999999999,10.0,87,0.0,rebalance
2021-07-02,ALGN,BUY,624.8099975585938,97.43610543795307,0.04999999999999999,11.0,87,0.0,rebalance
2021-07-02,GD,BUY,169.49649478393647,239.1833911412832,0.04999999999999999,12.0,87,0.0,rebalance
2021-07-02,DIS,BUY,172.44651751881233,1012.9194027088188,0.04999999999999999,13.0,87,0.0,rebalance
2021-07-02,PSX,BUY,71.46814144545829,422.40835161832365,0.04999999999999999,14.0,87,0.0,rebalance
2021-07-02,EXPE,BUY,165.93179802918627,941.8126479269822,0.04999999999999999,15.0,87,0.0,rebalance
2021-07-02,AMGN,BUY,210.07094605586354,450.6822570963286,0.04999999999999999,16.0,87,0.0,rebalance
2021-07-02,TXT,BUY,68.84252677130162,2005.9658529680673,0.04999999999999999,17.0,87,0.0,rebalance
2021-07-02,CMI,BUY,215.21900697312307,768.7248132216337,0.04999999999999999,18.0,87,0.0,rebalance
2021-07-02,OKE,BUY,42.44344512736119,29086.23865860138,0.04999999999999999,19.0,87,0.0,rebalance
2021-07-02,INTU,BUY,476.56174986485826,2591.22783558775,0.04999999999999999,20.0,87,0.0,rebalance
2021-08-02,SPGI,TAKE_PROFIT,389.80313073237176,3300.887856959287,0.0,,0,0.8119455604154129,risk_exit
2021-08-18,STE,TAKE_PROFIT,215.35761215521376,6158.5842470094185,0.0,,0,0.8014316025780108,risk_exit
2021-10-04,VMC,BUY,165.44502809803095,197.05637787508203,0.04999999999999999,1.0,88,0.0,rebalance
2021-10-04,EFX,BUY,246.30827431288574,198.1833149737522,0.04999999999999999,2.0,88,0.0,rebalance
2021-10-04,BSX,BUY,43.529998779296875,525.4815469631358,0.04999999999999999,3.0,88,0.0,rebalance
2021-10-04,STE,BUY,197.61595127855017,6381.2698142756935,0.04999999999999999,4.0,88,0.0,rebalance
2021-10-04,BKR,BUY,22.583091371544523,4129.048985341848,0.04999999999999999,5.0,88,0.0,rebalance
2021-10-04,DGX,BUY,130.36443893032805,619.121144575307,0.04999999999999999,6.0,88,0.0,rebalance
2021-10-04,HST,BUY,13.264157720834076,4608.484564183425,0.04999999999999999,7.0,88,0.0,rebalance
2021-10-04,SPGI,BUY,386.7085918175099,3262.027746046389,0.04999999999999999,8.0,88,0.0,rebalance
2021-10-04,IBM,BUY,112.70038856899393,429.5582230017226,0.04999999999999999,9.0,88,0.0,rebalance
2021-10-04,CRM,BUY,270.5395302877511,422.5177278893443,0.04999999999999999,10.0,88,0.0,rebalance
2021-10-04,ALGN,BUY,658.5999755859375,60.12552480633644,0.04999999999999999,11.0,88,0.0,rebalance
2021-10-04,GD,BUY,177.96908011000943,194.33203913852867,0.04999999999999999,12.0,88,0.0,rebalance
2021-10-04,DIS,BUY,170.2165244191309,253.15776342806566,0.04999999999999999,13.0,88,0.0,rebalance
2021-10-04,PSX,BUY,60.88216570811333,3449.7606956274503,0.04999999999999999,14.0,88,0.0,rebalance
2021-10-04,EXPE,BUY,167.5220717538345,91.10396287213098,0.04999999999999999,15.0,88,0.0,rebalance
2021-10-04,AMGN,BUY,183.25112934015684,1008.197904939716,0.04999999999999999,16.0,88,0.0,rebalance
2021-10-04,TXT,BUY,70.36450126932544,2.1750510585588927,0.04999999999999999,17.0,88,0.0,rebalance
2021-10-04,CMI,BUY,203.60664542759264,460.3786607048123,0.04999999999999999,18.0,88,0.0,rebalance
2021-10-04,OKE,BUY,45.84224017445419,1564.4060521644278,0.04999999999999999,19.0,88,0.0,rebalance
2021-10-04,INTU,BUY,520.340637604581,166.4710915005203,0.04999999999999999,20.0,88,0.0,rebalance
2022-01-04,VMC,BUY,202.1789642229846,1051.8961963686888,0.04999999999999999,1.0,89,0.0,rebalance
2022-01-04,EFX,BUY,275.48475045626043,297.5134971439902,0.04999999999999999,2.0,89,0.0,rebalance
2022-01-04,BSX,BUY,43.31999969482422,1697.3071928637582,0.04999999999999999,3.0,89,0.0,rebalance
2022-01-04,STE,BUY,233.05143170313585,680.9810480922588,0.04999999999999999,4.0,89,0.0,rebalance
2022-01-04,BKR,BUY,22.791241251566408,2431.420758398541,0.04999999999999999,5.0,89,0.0,rebalance
2022-01-04,DGX,BUY,149.45659168608174,787.9609874320286,0.04999999999999999,6.0,89,0.0,rebalance
2022-01-04,HST,BUY,14.193599353873084,1510.472560274662,0.04999999999999999,7.0,89,0.0,rebalance
2022-01-04,SPGI,BUY,422.4137205402402,117.14335144874212,0.04999999999999999,8.0,89,0.0,rebalance
2022-01-04,IBM,BUY,113.90073347135277,467.8201159061773,0.04999999999999999,9.0,89,0.0,rebalance
2022-01-04,CRM,BUY,252.4819458244078,597.7852160582543,0.04999999999999999,10.0,89,0.0,rebalance
2022-01-04,ALGN,BUY,645.8599853515625,141.02104384087625,0.04999999999999999,11.0,89,0.0,rebalance
2022-01-04,GD,BUY,189.37282683829852,74.72134025192008,0.04999999999999999,12.0,89,0.0,rebalance
2022-01-04,DIS,BUY,153.76300221434084,1227.0231950899733,0.04999999999999999,13.0,89,0.0,rebalance
2022-01-04,PSX,BUY,64.57910199510212,155.18943980611584,0.04999999999999999,14.0,89,0.0,rebalance
2022-01-04,EXPE,BUY,185.54850331331897,372.42573069056016,0.04999999999999999,15.0,89,0.0,rebalance
2022-01-04,AMGN,BUY,194.8533566380691,67.57625662557439,0.04999999999999999,16.0,89,0.0,rebalance
2022-01-04,TXT,BUY,76.6839958110235,607.5987896011939,0.04999999999999999,17.0,89,0.0,rebalance
2022-01-04,CMI,BUY,198.78594314654194,486.0088763421345,0.04999999999999999,18.0,89,0.0,rebalance
2022-01-04,OKE,BUY,46.95515191405974,768.272557842105,0.04999999999999999,19.0,89,0.0,rebalance
2022-01-04,INTU,BUY,609.6056014021684,245.7305767608209,0.04999999999999999,20.0,89,0.0,rebalance
2022-01-12,BKR,TAKE_PROFIT,24.39866634229194,58288.64565818718,0.0,,0,0.8206631457089328,risk_exit
2022-01-27,DIS,STOP,130.9589100436974,8639.54287316264,0.0,,0,-0.2945630222625639,risk_exit
2022-02-10,GD,TAKE_PROFIT,194.70516477392619,7014.927239636192,0.0,,0,0.793553832038429,risk_exit
2022-04-04,VMC,BUY,177.88170381377898,610.912460527481,0.04999999999999999,1.0,90,0.0,rebalance
2022-04-04,EFX,BUY,225.6932993906139,837.5450170209097,0.04999999999999999,2.0,90,0.0,rebalance
2022-04-04,BSX,BUY,44.83000183105469,2172.0819402895686,0.04999999999999999,3.0,90,0.0,rebalance
2022-04-04,STE,BUY,237.76626855431854,327.8182809937498,0.04999999999999999,4.0,90,0.0,rebalance
2022-04-04,BKR,BUY,33.1741631511275,38505.31327305886,0.04999999999999999,5.0,90,0.0,rebalance
2022-04-04,DGX,BUY,123.20054487265374,1476.0722349047664,0.04999999999999999,6.0,90,0.0,rebalance
2022-04-04,HST,BUY,15.26428562330231,9931.759705194694,0.04999999999999999,7.0,90,0.0,rebalance
2022-04-04,SPGI,BUY,373.1262454961154,277.4158228872575,0.04999999999999999,8.0,90,0.0,rebalance
2022-04-04,IBM,BUY,110.32640666474666,89.28898688462323,0.04999999999999999,9.0,90,0.0,rebalance
2022-04-04,CRM,BUY,210.97993928006238,790.7363767885672,0.04999999999999999,10.0,90,0.0,rebalance
2022-04-04,ALGN,BUY,445.42999267578125,809.6892709922836,0.04999999999999999,11.0,90,0.0,rebalance
2022-04-04,GD,BUY,220.88446416502185,5780.7200041517635,0.04999999999999999,12.0,90,0.0,rebalance
2022-04-04,DIS,BUY,132.80107839480428,9614.955882290293,0.04999999999999999,13.0,90,0.0,rebalance
2022-04-04,PSX,BUY,73.92546915334384,3296.413995247789,0.04999999999999999,14.0,90,0.0,rebalance
2022-04-04,EXPE,BUY,193.8752130085859,572.3136612738344,0.04999999999999999,15.0,90,0.0,rebalance
2022-04-04,AMGN,BUY,211.39220319307094,776.7820954452845,0.04999999999999999,16.0,90,0.0,rebalance
2022-04-04,TXT,BUY,72.68340815279346,245.46298312110594,0.04999999999999999,17.0,90,0.0,rebalance
2022-04-04,CMI,BUY,180.75673224421882,381.73293341574845,0.04999999999999999,18.0,90,0.0,rebalance
2022-04-04,OKE,BUY,56.441298368019496,5665.823250373924,0.04999999999999999,19.0,90,0.0,rebalance
2022-04-04,INTU,BUY,469.11787517947664,543.145929047033,0.04999999999999999,20.0,90,0.0,rebalance
2022-04-25,CRM,STOP,166.80422732038986,6052.348230978428,0.0,,0,-0.32056049560637834,risk_exit
2022-04-25,ALGN,STOP,363.45001220703125,2866.514573291001,0.0,,0,-0.31030223273996527,risk_exit
2022-05-17,EXPE,STOP,125.36498996569568,6586.668194385163,0.0,,0,-0.285601756722925,risk_exit
2022-06-14,DIS,STOP,93.33984154269349,9614.955882290293,0.0,,0,-0.2971454549096092,risk_exit
2022-07-05,VMC,BUY,134.4600270948111,960.6450917235734,0.04999999999999999,1.0,91,0.0,rebalance
2022-07-05,EFX,BUY,178.21316684478947,483.95739782344936,0.04999999999999999,2.0,91,0.0,rebalance
2022-07-05,BSX,BUY,37.59000015258789,634.5059599084998,0.04999999999999999,3.0,91,0.0,rebalance
2022-07-05,STE,BUY,200.6248765882693,85.34534325799632,0.04999999999999999,4.0,91,0.0,rebalance
2022-07-05,BKR,BUY,25.5220837167597,4398.105397016581,0.04999999999999999,5.0,91,0.0,rebalance
2022-07-05,DGX,BUY,124.45486576808084,1564.6432788427355,0.04999999999999999,6.0,91,0.0,rebalance
2022-07-05,HST,BUY,12.106581294464654,6792.530600126833,0.04999999999999999,7.0,91,0.0,rebalance
2022-07-05,SPGI,BUY,308.62440252003444,126.34440853400974,0.04999999999999999,8.0,91,0.0,rebalance
2022-07-05,IBM,BUY,119.98856788719128,2446.2873693504534,0.04999999999999999,9.0,91,0.0,rebalance
2022-07-05,CRM,BUY,163.27526222465227,6707.1208196162015,0.04999999999999999,10.0,91,0.0,rebalance
2022-07-05,ALGN,BUY,243.5,4500.201963611255,0.04999999999999999,11.0,91,0.0,rebalance
2022-07-05,GD,BUY,202.81026172915196,373.3840698541744,0.04999999999999999,12.0,91,0.0,rebalance
2022-07-05,DIS,BUY,91.39102252196007,11998.995387883922,0.04999999999999999,13.0,91,0.0,rebalance
2022-07-05,PSX,BUY,71.56633780090662,1934.5401082273747,0.04999999999999999,14.0,91,0.0,rebalance
2022-07-05,EXPE,BUY,92.44334442291387,11873.054346566698,0.04999999999999999,15.0,91,0.0,rebalance
2022-07-05,AMGN,BUY,215.1527544963059,931.5282252455172,0.04999999999999999,16.0,91,0.0,rebalance
2022-07-05,TXT,BUY,59.35903246087345,949.7674797471336,0.04999999999999999,17.0,91,0.0,rebalance
2022-07-05,CMI,BUY,172.65296292842788,697.3016790763168,0.04999999999999999,18.0,91,0.0,rebalance
2022-07-05,OKE,BUY,44.28864609933541,2193.649872395541,0.04999999999999999,19.0,91,0.0,rebalance
2022-07-05,INTU,BUY,372.39025254790045,229.72934227084124,0.04999999999999999,20.0,91,0.0,rebalance
2022-07-22,BKR,STOP,22.759986332400267,42903.41867007544,0.0,,0,-0.31392432632843326,risk_exit
2022-09-30,EFX,STOP,162.59664839413253,6143.757048538747,0.0,,0,-0.2995437630594835,risk_exit
2022-10-04,VMC,BUY,158.49516361944958,1465.601636397082,0.04999999999999999,1.0,92,0.0,rebalance
2022-10-04,EFX,BUY,170.66579656645862,6201.324946945899,0.04999999999999999,2.0,92,0.0,rebalance
2022-10-04,BSX,BUY,40.369998931884766,2930.728990808475,0.04999999999999999,3.0,92,0.0,rebalance
2022-10-04,STE,BUY,166.26329965312297,903.7639867287344,0.04999999999999999,4.0,92,0.0,rebalance
2022-10-04,BKR,BUY,20.734513876082755,51006.95033993932,0.04999999999999999,5.0,92,0.0,rebalance
2022-10-04,DGX,BUY,117.20119961799583,216.61243200810532,0.04999999999999999,6.0,92,0.0,rebalance
2022-10-04,HST,BUY,13.215905969041565,10494.497078787259,0.04999999999999999,7.0,92,0.0,rebalance
2022-10-04,SPGI,BUY,291.556848540793,76.09392086381513,0.04999999999999999,8.0,92,0.0,rebalance
2022-10-04,IBM,BUY,106.59600720505983,786.3326116063054,0.04999999999999999,9.0,92,0.0,rebalance
2022-10-04,CRM,BUY,149.12015547481468,379.50826976318604,0.04999999999999999,10.0,92,0.0,rebalance
2022-10-04,ALGN,BUY,221.6699981689453,266.7415072377971,0.04999999999999999,11.0,92,0.0,rebalance
2022-10-04,GD,BUY,204.50490201367975,240.67284944035964,0.04999999999999999,12.0,92,0.0,rebalance
2022-10-04,DIS,BUY,95.67649678534293,955.2719037388542,0.04999999999999999,13.0,92,0.0,rebalance
2022-10-04,PSX,BUY,75.33078534236341,1310.713471619718,0.04999999999999999,14.0,92,0.0,rebalance
2022-10-04,EXPE,BUY,96.3054503244585,899.5838401032033,0.04999999999999999,15.0,92,0.0,rebalance
2022-10-04,AMGN,BUY,204.24881483537962,65.70055324044824,0.04999999999999999,16.0,92,0.0,rebalance
2022-10-04,TXT,BUY,61.728777222781204,1395.7820586222915,0.04999999999999999,17.0,92,0.0,rebalance
2022-10-04,CMI,BUY,195.28859240525017,954.3173601404451,0.04999999999999999,18.0,92,0.0,rebalance
2022-10-04,OKE,BUY,44.207663515520686,903.4645378406676,0.04999999999999999,19.0,92,0.0,rebalance
2022-10-04,INTU,BUY,394.0152141773221,268.65467496420933,0.04999999999999999,20.0,92,0.0,rebalance
2022-10-12,SPGI,STOP,269.66541554097165,3624.738546882729,0.0,,0,-0.30266505258246656,risk_exit
2023-01-04,VMC,BUY,173.12326498411505,0.3207170358955409,0.04999999999999999,1.0,93,0.0,rebalance
2023-01-04,EFX,BUY,196.89514926193075,330.94588903608565,0.04999999999999999,2.0,93,0.0,rebalance
2023-01-04,BSX,BUY,46.40999984741211,1291.7193493116574,0.04999999999999999,3.0,93,0.0,rebalance
2023-01-04,STE,BUY,182.23731937009532,18.530191866155292,0.04999999999999999,4.0,93,0.0,rebalance
2023-01-04,BKR,BUY,26.155596340888614,6812.097952529235,0.04999999999999999,5.0,93,0.0,rebalance
2023-01-04,DGX,BUY,145.61868128353075,1079.11389138106,0.04999999999999999,6.0,93,0.0,rebalance
2023-01-04,HST,BUY,13.065108464072797,8511.005281942402,0.04999999999999999,7.0,93,0.0,rebalance
2023-01-04,SPGI,BUY,312.04884222953024,3704.008717532284,0.04999999999999999,8.0,93,0.0,rebalance
2023-01-04,IBM,BUY,124.79361451157841,659.3214010848569,0.04999999999999999,9.0,93,0.0,rebalance
2023-01-04,CRM,BUY,138.8183795947482,1233.2495776448368,0.04999999999999999,10.0,93,0.0,rebalance
2023-01-04,ALGN,BUY,217.25999450683594,547.2503572604955,0.04999999999999999,11.0,93,0.0,rebalance
2023-01-04,GD,BUY,229.20878759695577,130.0959061535541,0.04999999999999999,12.0,93,0.0,rebalance
2023-01-04,DIS,BUY,87.2606891355286,2185.8164278144723,0.04999999999999999,13.0,93,0.0,rebalance
2023-01-04,PSX,BUY,87.47949646746397,832.2178714845977,0.04999999999999999,14.0,93,0.0,rebalance
2023-01-04,EXPE,BUY,87.51448841466132,2215.8371266668946,0.04999999999999999,15.0,93,0.0,rebalance
2023-01-04,AMGN,BUY,234.17388520626784,246.15717459505413,0.04999999999999999,16.0,93,0.0,rebalance
2023-01-04,TXT,BUY,70.07689903940341,652.2953301405141,0.04999999999999999,17.0,93,0.0,rebalance
2023-01-04,CMI,BUY,222.67126171125085,229.42944936816366,0.04999999999999999,18.0,93,0.0,rebalance
2023-01-04,OKE,BUY,52.12847186461677,1773.4480131300224,0.04999999999999999,19.0,93,0.0,rebalance
2023-01-04,INTU,BUY,386.1543112561049,305.54211892515923,0.04999999999999999,20.0,93,0.0,rebalance
2023-04-04,VMC,BUY,168.37227771233373,636.4645061472511,0.04999999999999999,1.0,94,0.0,rebalance
2023-04-04,EFX,BUY,198.1065442562508,344.93294746236825,0.04999999999999999,2.0,94,0.0,rebalance
2023-04-04,BSX,BUY,49.77000045776367,167.23906462940795,0.04999999999999999,3.0,94,0.0,rebalance
2023-04-04,STE,BUY,185.6712188720703,288.44446455098205,0.04999999999999999,4.0,94,0.0,rebalance
2023-04-04,BKR,BUY,27.761367835283938,156.964032750373,0.04999999999999999,5.0,94,0.0,rebalance
2023-04-04,DGX,BUY,133.64167281002238,1275.8446928313142,0.04999999999999999,6.0,94,0.0,rebalance
2023-04-04,HST,BUY,13.386822227210473,3503.580133014242,0.04999999999999999,7.0,94,0.0,rebalance
2023-04-04,SPGI,BUY,320.26017146598844,140.46355828871583,0.04999999999999999,8.0,94,0.0,rebalance
2023-04-04,IBM,BUY,117.36348220171472,1235.8547591729402,0.04999999999999999,9.0,94,0.0,rebalance
2023-04-04,CRM,BUY,194.78021562258996,1998.8010119886567,0.04999999999999999,10.0,94,0.0,rebalance
2023-04-04,ALGN,BUY,329.5,1577.0650007860218,0.04999999999999999,11.0,94,0.0,rebalance
2023-04-04,GD,BUY,215.91829663915098,667.2268108701346,0.04999999999999999,12.0,94,0.0,rebalance
2023-04-04,DIS,BUY,97.24719020101024,565.2380597190077,0.04999999999999999,13.0,94,0.0,rebalance
2023-04-04,PSX,BUY,90.85805304951599,359.8162592495173,0.04999999999999999,14.0,94,0.0,rebalance
2023-04-04,EXPE,BUY,94.41884083496294,145.39245908815246,0.04999999999999999,15.0,94,0.0,rebalance
2023-04-04,AMGN,BUY,219.63103965125802,678.9407385831055,0.04999999999999999,16.0,94,0.0,rebalance
2023-04-04,TXT,BUY,70.77389978457012,931.7457186090614,0.04999999999999999,17.0,94,0.0,rebalance
2023-04-04,CMI,BUY,221.5647152376291,375.30015499018464,0.04999999999999999,18.0,94,0.0,rebalance
2023-04-04,OKE,BUY,54.69847303420334,374.8783496074757,0.04999999999999999,19.0,94,0.0,rebalance
2023-04-04,INTU,BUY,428.3653781084377,113.72564047533524,0.04999999999999999,20.0,94,0.0,rebalance
2023-06-20,BSX,TAKE_PROFIT,53.790000915527344,24739.34419972011,0.0,,0,0.7924025493261899,risk_exit
2023-07-05,INTU,SELL,436.78099378230337,2875.063242129898,0.0,,95,-0.0834745048125154,rebalance
2023-07-05,VMC,BUY,215.26643458646635,1311.7746541363413,0.04999999999999999,1.0,95,0.0,rebalance
2023-07-05,EFX,BUY,222.80101362991905,417.9183478115183,0.04999999999999999,2.0,95,0.0,rebalance
2023-07-05,BSX,BUY,53.099998474121094,24324.768784557185,0.04999999999999999,3.0,95,0.0,rebalance
2023-07-05,STE,BUY,211.8452995169982,531.8528110801908,0.04999999999999999,4.0,95,0.0,rebalance
2023-07-05,DGX,BUY,130.01060140335167,725.5639898189438,0.04999999999999999,5.0,95,0.0,rebalance
2023-07-05,BKR,BUY,29.650124647307955,771.4542393174997,0.04999999999999999,6.0,95,0.0,rebalance
2023-07-05,HST,BUY,14.26269626005201,1376.0119598246383,0.04999999999999999,7.0,95,0.0,rebalance
2023-07-05,SPGI,BUY,364.3181826647243,297.6720655035292,0.04999999999999999,8.0,95,0.0,rebalance
2023-07-05,IBM,BUY,120.16254980629742,262.66393774905555,0.04999999999999999,9.0,95,0.0,rebalance
2023-07-05,CRM,BUY,206.91034506657275,76.11431684704985,0.04999999999999999,10.0,95,0.0,rebalance
2023-07-05,KVUE,BUY,22.680268907226143,56972.12783784846,0.04999999999999999,11.0,95,0.0,rebalance
2023-07-05,ALGN,BUY,339.7300109863281,67.26675234608683,0.04999999999999999,12.0,95,0.0,rebalance
2023-07-05,GD,BUY,201.13628986993263,722.1160174410834,0.04999999999999999,13.0,95,0.0,rebalance
2023-07-05,DIS,BUY,87.36733541037127,2129.7571019884363,0.04999999999999999,14.0,95,0.0,rebalance
2023-07-05,PSX,BUY,85.83817102969573,1503.058599916716,0.04999999999999999,15.0,95,0.0,rebalance
2023-07-05,AMGN,BUY,203.696497785938,737.9475289080974,0.04999999999999999,16.0,95,0.0,rebalance
2023-07-05,EXPE,BUY,111.19080310239217,1419.1213661119418,0.04999999999999999,17.0,95,0.0,rebalance
2023-07-05,TXT,BUY,67.20583037877246,1830.985418073029,0.04999999999999999,18.0,95,0.0,rebalance
2023-07-05,CMI,BUY,229.84144907945225,65.33515376140531,0.04999999999999999,19.0,95,0.0,rebalance
2023-07-05,OKE,BUY,52.707261221970256,2008.6263614534073,0.04999999999999999,20.0,95,0.0,rebalance
2023-10-03,VMC,BUY,195.5048146670181,450.3706256081514,0.04999999999999999,1.0,96,0.0,rebalance
2023-10-03,EFX,BUY,174.24321641775148,1441.477774732186,0.04999999999999999,2.0,96,0.0,rebalance
2023-10-03,BSX,BUY,52.65999984741211,371.4174521365894,0.04999999999999999,3.0,96,0.0,rebalance
2023-10-03,STE,BUY,209.47619145628423,78.04673144443586,0.04999999999999999,4.0,96,0.0,rebalance
2023-10-03,DGX,BUY,113.53597443928243,1171.1825313281824,0.04999999999999999,5.0,96,0.0,rebalance
2023-10-03,BKR,BUY,32.221485370752404,4432.393092119986,0.04999999999999999,6.0,96,0.0,rebalance
2023-10-03,HST,BUY,13.260890225811305,4520.682023954563,0.04999999999999999,7.0,96,0.0,rebalance
2023-10-03,SPGI,BUY,336.3089302957691,203.83142733124532,0.04999999999999999,8.0,96,0.0,rebalance
2023-10-03,IBM,BUY,128.4285547161544,931.532308023021,0.04999999999999999,9.0,96,0.0,rebalance
2023-10-03,CRM,BUY,199.30198054239065,84.11471716743017,0.04999999999999999,10.0,96,0.0,rebalance
2023-10-03,KVUE,BUY,18.000508565830952,13103.7678394721,0.04999999999999999,11.0,96,0.0,rebalance
2023-10-03,ALGN,BUY,296.04998779296875,456.2405408128384,0.04999999999999999,12.0,96,0.0,rebalance
2023-10-03,GD,BUY,209.52001066191735,405.2635752229962,0.04999999999999999,13.0,96,0.0,rebalance
2023-10-03,DIS,BUY,78.77700886204906,1218.6716596615224,0.04999999999999999,14.0,96,0.0,rebalance
2023-10-03,PSX,BUY,106.88630393996249,3256.192158582313,0.04999999999999999,15.0,96,0.0,rebalance
2023-10-03,AMGN,BUY,241.34155880385157,1119.2693231031162,0.04999999999999999,16.0,96,0.0,rebalance
2023-10-03,EXPE,BUY,99.76256484541419,1017.155576926003,0.04999999999999999,17.0,96,0.0,rebalance
2023-10-03,TXT,BUY,76.688764736143,2786.4819626453427,0.04999999999999999,18.0,96,0.0,rebalance
2023-10-03,CMI,BUY,211.11809533581496,349.9283234858658,0.04999999999999999,19.0,96,0.0,rebalance
2023-10-03,OKE,BUY,52.71949796243685,601.4892063370789,0.04999999999999999,20.0,96,0.0,rebalance
2023-12-20,PSX,TAKE_PROFIT,122.75811721609575,11801.884696510673,0.0,,0,0.814209394497029,risk_exit
2024-01-03,VMC,BUY,217.63355385999313,175.09637320932598,0.04999999999999999,1.0,97,0.0,rebalance
2024-01-03,EFX,BUY,232.2150159457639,1028.310498783052,0.04999999999999999,2.0,97,0.0,rebalance
2024-01-03,BSX,BUY,57.900001525878906,952.2753061995827,0.04999999999999999,3.0,97,0.0,rebalance
2024-01-03,STE,BUY,212.62221948867966,760.5421803339987,0.04999999999999999,4.0,97,0.0,rebalance
2024-01-03,DGX,BUY,133.65869643997277,321.133535191766,0.04999999999999999,5.0,97,0.0,rebalance
2024-01-03,BKR,BUY,32.13018476333985,5732.562313441231,0.04999999999999999,6.0,97,0.0,rebalance
2024-01-03,HST,BUY,16.69748679507206,8758.619198182205,0.04999999999999999,7.0,97,0.0,rebalance
2024-01-03,SPGI,BUY,401.11037884917226,155.81639124670664,0.04999999999999999,8.0,97,0.0,rebalance
2024-01-03,IBM,BUY,148.44536800938286,108.4506435735293,0.04999999999999999,9.0,97,0.0,rebalance
2024-01-03,CRM,BUY,249.18890204213545,542.7299991004093,0.04999999999999999,10.0,97,0.0,rebalance
2024-01-03,KVUE,BUY,19.107295921227816,5383.4246461980365,0.04999999999999999,11.0,97,0.0,rebalance
2024-01-03,ALGN,BUY,263.5899963378906,1209.4484796950846,0.04999999999999999,12.0,97,0.0,rebalance
2024-01-03,GD,BUY,246.04328455969568,159.1497387897125,0.04999999999999999,13.0,97,0.0,rebalance
2024-01-03,DIS,BUY,87.7688127335412,418.9496180016158,0.04999999999999999,14.0,97,0.0,rebalance
2024-01-03,PSX,BUY,122.50217194745615,11772.843065293146,0.04999999999999999,15.0,97,0.0,rebalance
2024-01-03,AMGN,BUY,276.4122668148368,8.132473605107407,0.04999999999999999,16.0,97,0.0,rebalance
2024-01-03,EXPE,BUY,144.81375494679781,2681.9113840396803,0.04999999999999999,17.0,97,0.0,rebalance
2024-01-03,TXT,BUY,79.80091360026145,1624.4973444753268,0.04999999999999999,18.0,97,0.0,rebalance
2024-01-03,CMI,BUY,226.7669330165591,385.53647587071555,0.04999999999999999,19.0,97,0.0,rebalance
2024-01-03,OKE,BUY,61.814537955098224,592.9516381313297,0.04999999999999999,20.0,97,0.0,rebalance
2024-01-25,TXT,TAKE_PROFIT,86.11596244965062,18070.792260046637,0.0,,0,0.8600182213710963,risk_exit
2024-01-26,IBM,TAKE_PROFIT,176.3917746407571,9713.31229877229,0.0,,0,0.9443281572689242,risk_exit
2024-02-27,CRM,TAKE_PROFIT,296.451229928817,5786.348056255539,0.0,,0,0.8156530627458214,risk_exit
2024-04-02,VMC,BUY,264.78770616629595,623.9290896883185,0.04999999999999999,1.0,98,0.0,rebalance
2024-04-02,EFX,BUY,252.30036995253784,89.2200313849562,0.04999999999999999,2.0,98,0.0,rebalance
2024-04-02,BSX,BUY,67.69000244140625,1424.2653437972913,0.04999999999999999,3.0,98,0.0,rebalance
2024-04-02,STE,BUY,215.67508600585546,587.3941536351513,0.04999999999999999,4.0,98,0.0,rebalance
2024-04-02,DGX,BUY,128.32870427054968,1596.968173524674,0.04999999999999999,5.0,98,0.0,rebalance
2024-04-02,BKR,BUY,32.059722975420286,4697.676953481758,0.04999999999999999,6.0,98,0.0,rebalance
2024-04-02,HST,BUY,17.737339914008142,3247.895906226986,0.04999999999999999,7.0,98,0.0,rebalance
2024-04-02,SPGI,BUY,395.61088304350193,422.8482421924514,0.04999999999999999,8.0,98,0.0,rebalance
2024-04-02,IBM,BUY,175.9809042424118,9031.896992541286,0.04999999999999999,9.0,98,0.0,rebalance
2024-04-02,CRM,BUY,292.82262325286865,5428.9907709644785,0.04999999999999999,10.0,98,0.0,rebalance
2024-04-02,KVUE,BUY,19.151169267940894,7616.709623745279,0.04999999999999999,11.0,98,0.0,rebalance
2024-04-02,ALGN,BUY,312.4100036621094,377.42998457196245,0.04999999999999999,12.0,98,0.0,rebalance
2024-04-02,GD,BUY,278.08347289975404,140.69782260488046,0.04999999999999999,13.0,98,0.0,rebalance
2024-04-02,DIS,BUY,116.94077010390349,2827.6882935197573,0.04999999999999999,14.0,98,0.0,rebalance
2024-04-02,PSX,BUY,151.30387535387243,1259.6878079238468,0.04999999999999999,15.0,98,0.0,rebalance
2024-04-02,EXPE,BUY,130.4420153289766,2234.947944320733,0.04999999999999999,16.0,98,0.0,rebalance
2024-04-02,AMGN,BUY,263.05920096194893,829.451456033773,0.04999999999999999,17.0,98,0.0,rebalance
2024-04-02,CMI,BUY,279.6208335039439,670.0695006170554,0.04999999999999999,18.0,98,0.0,rebalance
2024-04-02,TXT,BUY,94.78601023506042,16783.138664538805,0.04999999999999999,19.0,98,0.0,rebalance
2024-04-02,OKE,BUY,70.68847827500576,821.5852397837043,0.04999999999999999,20.0,98,0.0,rebalance
2024-07-02,VMC,BUY,237.5330773563989,305.46674237104526,0.04999999999999999,1.0,99,0.0,rebalance
2024-07-02,EFX,BUY,234.11326535606435,100.65186064197314,0.04999999999999999,2.0,99,0.0,rebalance
2024-07-02,BSX,BUY,76.38999938964844,3865.993098931991,0.04999999999999999,3.0,99,0.0,rebalance
2024-07-02,STE,BUY,214.1014629121407,370.9140678561189,0.04999999999999999,4.0,99,0.0,rebalance
2024-07-02,DGX,BUY,131.4236462829374,984.4475047777778,0.04999999999999999,5.0,99,0.0,rebalance
2024-07-02,BKR,BUY,33.60268056070573,4986.443019724524,0.04999999999999999,6.0,99,0.0,rebalance
2024-07-02,HST,BUY,15.461521782153731,7306.440645574432,0.04999999999999999,7.0,99,0.0,rebalance
2024-07-02,SPGI,BUY,414.83067435428006,405.5268901749855,0.04999999999999999,8.0,99,0.0,rebalance
2024-07-02,IBM,BUY,164.29067190699146,88.68056430805336,0.04999999999999999,9.0,99,0.0,rebalance
2024-07-02,CRM,BUY,251.0400637661464,539.884778047498,0.04999999999999999,10.0,99,0.0,rebalance
2024-07-02,KVUE,BUY,16.403121679695726,8275.954646031023,0.04999999999999999,11.0,99,0.0,rebalance
2024-07-02,ALGN,BUY,238.57000732421875,1188.2485125981657,0.04999999999999999,12.0,99,0.0,rebalance
2024-07-02,GD,BUY,273.2266607221719,236.56369460554106,0.04999999999999999,13.0,99,0.0,rebalance
2024-07-02,DIS,BUY,95.26849934201293,2124.2935008817803,0.04999999999999999,14.0,99,0.0,rebalance
2024-07-02,PSX,BUY,131.57885597329945,874.8483253632021,0.04999999999999999,15.0,99,0.0,rebalance
2024-07-02,EXPE,BUY,121.24608343052749,163.2357426519011,0.04999999999999999,16.0,99,0.0,rebalance
2024-07-02,AMGN,BUY,290.08884445834957,882.3022465944105,0.04999999999999999,17.0,99,0.0,rebalance
2024-07-02,CMI,BUY,259.0745359897839,94.15142680339704,0.04999999999999999,18.0,99,0.0,rebalance
2024-07-02,TXT,BUY,85.04681456018233,834.9628585978026,0.04999999999999999,19.0,99,0.0,rebalance
2024-07-02,OKE,BUY,73.69772723829868,2177.2049522423076,0.04999999999999999,20.0,99,0.0,rebalance
2024-07-18,OKE,TAKE_PROFIT,75.8995309964177,20331.29290989645,0.0,,0,0.7882509482598299,risk_exit
2024-10-02,VMC,BUY,240.84181992860655,501.01453218318056,0.04999999999999999,1.0,100,0.0,rebalance
2024-10-02,EFX,BUY,285.5188024932175,656.4816875070101,0.04999999999999999,2.0,100,0.0,rebalance
2024-10-02,BSX,BUY,84.0,91.58666882491889,0.04999999999999999,3.0,100,0.0,rebalance
2024-10-02,STE,BUY,230.89309109897923,104.2245917460059,0.04999999999999999,4.0,100,0.0,rebalance
2024-10-02,DGX,BUY,148.9321797074651,389.58302037154317,0.04999999999999999,5.0,100,0.0,rebalance
2024-10-02,BKR,BUY,35.937091215142466,1043.912264859624,0.04999999999999999,6.0,100,0.0,rebalance
2024-10-02,HST,BUY,15.368702741701913,9795.218491175037,0.04999999999999999,7.0,100,0.0,rebalance
2024-10-02,SPGI,BUY,478.6254289236629,185.53432991354293,0.04999999999999999,8.0,100,0.0,rebalance
2024-10-02,IBM,BUY,206.93200987106243,1194.9069014753886,0.04999999999999999,9.0,100,0.0,rebalance
2024-10-02,CRM,BUY,270.2595268200854,99.42509612077993,0.04999999999999999,10.0,100,0.0,rebalance
2024-10-02,KVUE,BUY,20.875207334563477,12789.791386920086,0.04999999999999999,11.0,100,0.0,rebalance
2024-10-02,ALGN,BUY,241.0800018310547,521.6313534387391,0.04999999999999999,12.0,100,0.0,rebalance
2024-10-02,GD,BUY,294.0375200412176,93.5101182974804,0.04999999999999999,13.0,100,0.0,rebalance
2024-10-02,DIS,BUY,91.45714385195963,2204.3282361473284,0.04999999999999999,14.0,100,0.0,rebalance
2024-10-02,PSX,BUY,125.39352923861742,1691.739721959435,0.04999999999999999,15.0,100,0.0,rebalance
2024-10-02,EXPE,BUY,143.33211970032897,916.0185458854248,0.04999999999999999,16.0,100,0.0,rebalance
2024-10-02,AMGN,BUY,299.0572114749362,318.55378133052545,0.04999999999999999,17.0,100,0.0,rebalance
2024-10-02,CMI,BUY,313.88043212890625,558.5165537803086,0.04999999999999999,18.0,100,0.0,rebalance
2024-10-02,TXT,BUY,87.31258359725783,1164.7681127757132,0.04999999999999999,19.0,100,0.0,rebalance
2024-10-02,OKE,BUY,84.20343427041965,19476.40624692378,0.04999999999999999,20.0,100,0.0,rebalance
2024-11-06,BKR,TAKE_PROFIT,39.45980094088063,45635.67760078106,0.0,,0,0.9030974720076501,risk_exit
2024-11-07,EXPE,TAKE_PROFIT,169.14199061590804,11442.203141903827,0.0,,0,0.8296827280729897,risk_exit
2024-11-14,CMI,TAKE_PROFIT,352.66044782006344,5224.964278917287,0.0,,0,0.823583152928633,risk_exit
2025-01-03,VMC,BUY,254.1123263503278,388.2429493788277,0.04999999999999999,1.0,101,0.0,rebalance
2025-01-03,EFX,BUY,247.59185766370072,846.2125527472699,0.04999999999999999,2.0,101,0.0,rebalance
2025-01-03,BSX,BUY,89.79000091552734,1351.6852715827772,0.04999999999999999,3.0,101,0.0,rebalance
2025-01-03,STE,BUY,199.92546400153324,1058.7014866082309,0.04999999999999999,4.0,101,0.0,rebalance
2025-01-03,DGX,BUY,146.25989404466492,144.39166401142757,0.04999999999999999,5.0,101,0.0,rebalance
2025-01-03,BKR,BUY,40.67052878630553,40119.84906644637,0.04999999999999999,6.0,101,0.0,rebalance
2025-01-03,HST,BUY,15.479561807295578,1353.7237734968949,0.04999999999999999,7.0,101,0.0,rebalance
2025-01-03,SPGI,BUY,464.8485849367243,81.76727734540282,0.04999999999999999,8.0,101,0.0,rebalance
2025-01-03,IBM,BUY,210.7028609762074,185.62596284735537,0.04999999999999999,9.0,101,0.0,rebalance
2025-01-03,CRM,BUY,328.2755700148581,1100.3556663841537,0.04999999999999999,10.0,101,0.0,rebalance
2025-01-03,KVUE,BUY,19.777573385991662,3901.5777541737334,0.04999999999999999,11.0,101,0.0,rebalance
2025-01-03,ALGN,BUY,209.83999633789062,969.7018509641184,0.04999999999999999,12.0,101,0.0,rebalance
2025-01-03,GD,BUY,252.59199960528906,878.7560665587371,0.04999999999999999,13.0,101,0.0,rebalance
2025-01-03,DIS,BUY,109.31420067056501,3013.6611850632235,0.04999999999999999,14.0,101,0.0,rebalance
2025-01-03,PSX,BUY,108.98298151351564,1885.2970123194737,0.04999999999999999,15.0,101,0.0,rebalance
2025-01-03,EXPE,BUY,183.33592845927814,8895.38162838389,0.04999999999999999,16.0,101,0.0,rebalance
2025-01-03,AMGN,BUY,246.75465617372285,1124.857178430907,0.04999999999999999,17.0,101,0.0,rebalance
2025-01-03,CMI,BUY,338.13517175230936,4822.573170579328,0.04999999999999999,18.0,101,0.0,rebalance
2025-01-03,TXT,BUY,75.72086437913549,2750.1219212006617,0.04999999999999999,19.0,101,0.0,rebalance
2025-01-03,OKE,BUY,93.7850550435631,2091.000443758541,0.04999999999999999,20.0,101,0.0,rebalance
2025-01-10,BSX,TAKE_PROFIT,95.4800033569336,18172.0962554832,0.0,,0,0.798116875718309,risk_exit
2025-03-05,ALGN,STOP,169.92999267578125,7772.236332606597,0.0,,0,-0.30213555369289014,risk_exit
2025-04-02,VMC,BUY,231.52117329857472,650.3918040021272,0.04999999999999999,1.0,102,0.0,rebalance
2025-04-02,EFX,BUY,239.01491906068435,259.87419678399056,0.04999999999999999,2.0,102,0.0,rebalance
2025-04-02,BSX,BUY,99.70999908447266,16420.470731670226,0.04999999999999999,3.0,102,0.0,rebalance
2025-04-02,STE,BUY,222.70730844411824,804.1674265673992,0.04999999999999999,4.0,102,0.0,rebalance
2025-04-02,DGX,BUY,165.50207055654332,1255.871257408342,0.04999999999999999,5.0,102,0.0,rebalance
2025-04-02,BKR,BUY,43.01004709525911,2022.73565552137,0.04999999999999999,6.0,102,0.0,rebalance
2025-04-02,HST,BUY,13.044989679671817,20247.975126436664,0.04999999999999999,7.0,102,0.0,rebalance
2025-04-02,SPGI,BUY,472.5636659764001,40.841235779507315,0.04999999999999999,8.0,102,0.0,rebalance
2025-04-02,IBM,BUY,238.71728102100894,875.7812225561465,0.04999999999999999,9.0,102,0.0,rebalance
2025-04-02,CRM,BUY,262.8972658283215,1264.6380335150861,0.04999999999999999,10.0,102,0.0,rebalance
2025-04-02,KVUE,BUY,22.343592289458794,9118.624501948914,0.04999999999999999,11.0,102,0.0,rebalance
2025-04-02,ALGN,BUY,155.74000549316406,10522.545123314967,0.04999999999999999,12.0,102,0.0,rebalance
2025-04-02,GD,BUY,264.1906294893917,248.8157423899538,0.04999999999999999,13.0,102,0.0,rebalance
2025-04-02,DIS,BUY,94.83646811141017,2373.796325430909,0.04999999999999999,14.0,102,0.0,rebalance
2025-04-02,PSX,BUY,117.16640776168836,966.9435638134728,0.04999999999999999,15.0,102,0.0,rebalance
2025-04-02,EXPE,BUY,163.87478069047026,1112.5313168736866,0.04999999999999999,16.0,102,0.0,rebalance
2025-04-02,AMGN,BUY,292.1930009246571,995.3855363250732,0.04999999999999999,17.0,102,0.0,rebalance
2025-04-02,CMI,BUY,302.9944322513369,590.3661236063126,0.04999999999999999,18.0,102,0.0,rebalance
2025-04-02,TXT,BUY,71.1672233626197,1514.46023588541,0.04999999999999999,19.0,102,0.0,rebalance
2025-04-02,OKE,BUY,90.90498925187276,658.6200630931089,0.04999999999999999,20.0,102,0.0,rebalance
2025-04-07,TXT,STOP,60.1999769015231,23047.451792998392,0.0,,0,-0.3648854218862805,risk_exit
2025-07-02,VMC,BUY,261.88569702684634,570.8214099980687,0.04999999999999999,1.0,103,0.0,rebalance
2025-07-02,EFX,BUY,260.2993470247093,309.9755266733,0.04999999999999999,2.0,103,0.0,rebalance
2025-07-02,BSX,BUY,104.7300033569336,165.71796171061578,0.04999999999999999,3.0,103,0.0,rebalance
2025-07-02,STE,BUY,239.77681321545103,257.6068280708787,0.04999999999999999,4.0,103,0.0,rebalance
2025-07-02,DGX,BUY,175.23462925842662,185.58853296684538,0.04999999999999999,5.0,103,0.0,rebalance
2025-07-02,BKR,BUY,38.217282070107146,6446.768767601694,0.04999999999999999,6.0,103,0.0,rebalance
2025-07-02,HST,BUY,14.70948199473738,9879.54683509923,0.04999999999999999,7.0,103,0.0,rebalance
2025-07-02,SPGI,BUY,493.8128887750258,20.342576339265634,0.04999999999999999,8.0,103,0.0,rebalance
2025-07-02,IBM,BUY,280.7537168267872,801.0738149172521,0.04999999999999999,9.0,103,0.0,rebalance
2025-07-02,CRM,BUY,269.2411716974929,89.69113018296866,0.04999999999999999,10.0,103,0.0,rebalance
2025-07-02,KVUE,BUY,19.82665107262337,12509.90925630332,0.04999999999999999,11.0,103,0.0,rebalance
2025-07-02,ALGN,BUY,194.3000030517578,1761.8024822902753,0.04999999999999999,12.0,103,0.0,rebalance
2025-07-02,GD,BUY,287.5461588984243,287.89141691411896,0.04999999999999999,13.0,103,0.0,rebalance
2025-07-02,DIS,BUY,121.55979092004144,3289.6774663366286,0.04999999999999999,14.0,103,0.0,rebalance
2025-07-02,PSX,BUY,119.77654657709033,213.2235020463122,0.04999999999999999,15.0,103,0.0,rebalance
2025-07-02,EXPE,BUY,172.7597310848527,155.10407802454756,0.04999999999999999,16.0,103,0.0,rebalance
2025-07-02,AMGN,BUY,280.89595850837645,446.5011480087278,0.04999999999999999,17.0,103,0.0,rebalance
2025-07-02,CMI,BUY,324.67283390027364,170.2517058393023,0.04999999999999999,18.0,103,0.0,rebalance
2025-07-02,TXT,BUY,80.81679195335701,21062.090557340336,0.04999999999999999,19.0,103,0.0,rebalance
2025-07-02,OKE,BUY,76.8022777467446,4120.229405832357,0.04999999999999999,20.0,103,0.0,rebalance
2025-09-12,VMC,TAKE_PROFIT,297.6763584636221,6500.488621772394,0.0,,0,0.7907321828266811,risk_exit
2025-09-26,KVUE,STOP,15.666125297546387,85855.05571490295,0.0,,0,-0.30926192446708534,risk_exit
2025-10-02,VMC,BUY,299.24466528174804,5778.566699809115,0.04999999999999999,1.0,104,0.0,rebalance
2025-10-02,EFX,BUY,232.62900363462728,893.4524791056592,0.04999999999999999,2.0,104,0.0,rebalance
2025-10-02,BSX,BUY,95.7300033569336,1817.98190809289,0.04999999999999999,3.0,104,0.0,rebalance
2025-10-02,STE,BUY,238.85996418134349,143.44545797991304,0.04999999999999999,4.0,104,0.0,rebalance
2025-10-02,DGX,BUY,177.71111983458397,20.90765561561966,0.04999999999999999,5.0,104,0.0,rebalance
2025-10-02,BKR,BUY,47.34960994770504,8004.550100829576,0.04999999999999999,6.0,104,0.0,rebalance
2025-10-02,HST,BUY,15.955113860259422,7293.890839775981,0.04999999999999999,7.0,104,0.0,rebalance
2025-10-02,SPGI,BUY,450.14062182309453,396.11001884604457,0.04999999999999999,8.0,104,0.0,rebalance
2025-10-02,IBM,BUY,278.5486192230102,147.76915115079373,0.04999999999999999,9.0,104,0.0,rebalance
2025-10-02,CRM,BUY,233.86061378566785,1075.54720190426,0.04999999999999999,10.0,104,0.0,rebalance
2025-10-02,KVUE,BUY,15.189081147842217,113902.40878883524,0.04999999999999999,11.0,104,0.0,rebalance
2025-10-02,ALGN,BUY,128.4199981689453,4708.2856032407835,0.04999999999999999,12.0,104,0.0,rebalance
2025-10-02,GD,BUY,333.6733829717721,736.6396630599984,0.04999999999999999,13.0,104,0.0,rebalance
2025-10-02,DIS,BUY,111.36738952225221,1526.049389625443,0.04999999999999999,14.0,104,0.0,rebalance
2025-10-02,PSX,BUY,130.14608407508942,922.9036783408083,0.04999999999999999,15.0,104,0.0,rebalance
2025-10-02,EXPE,BUY,217.10305309244663,1886.9653945814807,0.04999999999999999,16.0,104,0.0,rebalance
2025-10-02,AMGN,BUY,290.2581830578779,101.46537372924377,0.04999999999999999,17.0,104,0.0,rebalance
2025-10-02,CMI,BUY,419.2399129709028,1117.483495983297,0.04999999999999999,18.0,104,0.0,rebalance
2025-10-02,TXT,BUY,85.18357320538966,758.9993613091247,0.04999999999999999,19.0,104,0.0,rebalance
2025-10-02,OKE,BUY,69.23184733285817,2816.892270465789,0.04999999999999999,20.0,104,0.0,rebalance
2026-01-05,VMC,BUY,289.7733475301435,497.69125873990833,0.04999999999999999,1.0,105,0.0,rebalance
2026-01-05,EFX,BUY,213.55526577996554,1082.88586261215,0.04999999999999999,2.0,105,0.0,rebalance
2026-01-05,BSX,BUY,94.27999877929688,1217.433295842191,0.04999999999999999,3.0,105,0.0,rebalance
2026-01-05,STE,BUY,248.60610148934748,72.38748288253373,0.04999999999999999,4.0,105,0.0,rebalance
2026-01-05,DGX,BUY,171.22520949168256,886.1177215983917,0.04999999999999999,5.0,105,0.0,rebalance
2026-01-05,BKR,BUY,48.91010450918943,645.5779580976305,0.04999999999999999,6.0,105,0.0,rebalance
2026-01-05,HST,BUY,17.28601721672298,3221.244875039876,0.04999999999999999,7.0,105,0.0,rebalance
2026-01-05,SPGI,BUY,481.0451914275598,62.691865459839846,0.04999999999999999,8.0,105,0.0,rebalance
2026-01-05,IBM,BUY,289.865162876545,63.12842727133011,0.04999999999999999,9.0,105,0.0,rebalance
2026-01-05,CRM,BUY,252.33599739410624,190.66054366449953,0.04999999999999999,10.0,105,0.0,rebalance
2026-01-05,KVUE,BUY,16.63635647530481,4586.038250360638,0.04999999999999999,11.0,105,0.0,rebalance
2026-01-05,ALGN,BUY,155.0800018310547,1742.1522140557936,0.04999999999999999,12.0,105,0.0,rebalance
2026-01-05,GD,BUY,343.3911964502555,112.61664942202788,0.04999999999999999,13.0,105,0.0,rebalance
2026-01-05,DIS,BUY,110.5727405037633,917.03113976038,0.04999999999999999,14.0,105,0.0,rebalance
2026-01-05,PSX,BUY,133.2117693906153,362.89710713924796,0.04999999999999999,15.0,105,0.0,rebalance
2026-01-05,EXPE,BUY,281.7293441304854,1511.3537941719487,0.04999999999999999,16.0,105,0.0,rebalance
2026-01-05,AMGN,BUY,318.4048269619618,247.29119471689592,0.04999999999999999,17.0,105,0.0,rebalance
2026-01-05,CMI,BUY,520.8067288899398,633.7242667176206,0.04999999999999999,18.0,105,0.0,rebalance
2026-01-05,TXT,BUY,87.58216935457084,460.4434547152705,0.04999999999999999,19.0,105,0.0,rebalance
2026-01-05,OKE,BUY,72.615110928547,61.88094110972088,0.04999999999999999,20.0,105,0.0,rebalance
2026-02-04,CRM,STOP,192.33132733492616,7207.160800686418,0.0,,0,-0.34318146187483156,risk_exit
2026-02-25,AMGN,TAKE_PROFIT,376.44075847296966,5711.028822985369,0.0,,0,0.7935706897183274,risk_exit
2026-03-12,BSX,STOP,69.62999725341797,19290.16797389469,0.0,,0,-0.30167487821929884,risk_exit
2026-04-02,VMC,BUY,275.2304122365432,307.25852398767347,0.04999999999999999,1.0,106,0.0,rebalance
2026-04-02,EFX,BUY,178.415299377618,1639.9184544740801,0.04999999999999999,2.0,106,0.0,rebalance
2026-04-02,BSX,BUY,62.04999923706055,29203.774804334487,0.04999999999999999,3.0,106,0.0,rebalance
2026-04-02,STE,BUY,216.8945845367728,1038.7849563754507,0.04999999999999999,4.0,106,0.0,rebalance
2026-04-02,DGX,BUY,195.01303752973106,1329.2710171977724,0.04999999999999999,5.0,106,0.0,rebalance
2026-04-02,BKR,BUY,60.40504416626658,7186.130578787888,0.04999999999999999,6.0,106,0.0,rebalance
2026-04-02,HST,BUY,18.240770582957914,5857.241509155327,0.04999999999999999,7.0,106,0.0,rebalance
2026-04-02,SPGI,BUY,396.96217009853393,784.5850313733604,0.04999999999999999,8.0,106,0.0,rebalance
2026-04-02,IBM,BUY,239.50649513072716,1292.8996936458825,0.04999999999999999,9.0,106,0.0,rebalance
2026-04-02,CRM,BUY,184.36190410150488,9830.400954204728,0.04999999999999999,10.0,106,0.0,rebalance
2026-04-02,KVUE,BUY,16.964216838590005,2455.491566725017,0.04999999999999999,11.0,106,0.0,rebalance
2026-04-02,ALGN,BUY,168.52000427246094,969.644384271709,0.04999999999999999,12.0,106,0.0,rebalance
2026-04-02,GD,BUY,344.3777199210314,32.35108718273477,0.04999999999999999,13.0,106,0.0,rebalance
2026-04-02,DIS,BUY,95.26999653948798,2579.7725663920937,0.04999999999999999,14.0,106,0.0,rebalance
2026-04-02,PSX,BUY,178.39118520194071,3490.097264052909,0.04999999999999999,15.0,106,0.0,rebalance
2026-04-02,EXPE,BUY,220.30227618599832,1777.5319507005906,0.04999999999999999,16.0,106,0.0,rebalance
2026-04-02,AMGN,BUY,348.04244555778064,5212.424732968199,0.04999999999999999,17.0,106,0.0,rebalance
2026-04-02,CMI,BUY,528.3576614891343,57.652342241713086,0.04999999999999999,18.0,106,0.0,rebalance
2026-04-02,TXT,BUY,87.98122709773683,142.8033910534141,0.04999999999999999,19.0,106,0.0,rebalance
2026-04-02,OKE,BUY,87.34928199532781,4273.18696647292,0.04999999999999999,20.0,106,0.0,rebalance
2026-04-13,CMI,TAKE_PROFIT,609.5494921618807,3433.8274834037074,0.0,,0,0.8026799430624971,risk_exit
2026-06-02,IBM,TAKE_PROFIT,311.5153452486877,7566.986927121203,0.0,,0,0.7701656130802617,risk_exit
2026-07-01,BSX,STOP,43.209999084472656,29203.774804334487,0.0,,0,-0.30362611416980234,risk_exit
2026-07-02,VMC,BUY,297.6469801046496,282.19528430552236,0.04999999999999999,1.0,107,0.0,rebalance
2026-07-02,EFX,BUY,164.24000549316406,1263.6382694507884,0.04999999999999999,2.0,107,0.0,rebalance
2026-07-02,BSX,BUY,43.72999954223633,42887.791060458985,0.04999999999999999,3.0,107,0.0,rebalance
2026-07-02,STE,BUY,215.1199951171875,357.2459931851736,0.04999999999999999,4.0,107,0.0,rebalance
2026-07-02,DGX,BUY,216.19100546211905,624.190366309098,0.04999999999999999,5.0,107,0.0,rebalance
2026-07-02,BKR,BUY,53.68251448285716,4910.69954141193,0.04999999999999999,6.0,107,0.0,rebalance
2026-07-02,HST,BUY,23.510000228881836,19640.393973956394,0.04999999999999999,7.0,107,0.0,rebalance
2026-07-02,SPGI,BUY,422.3117918803399,127.30418063092566,0.04999999999999999,8.0,107,0.0,rebalance
2026-07-02,IBM,BUY,281.12338252664097,6666.907918717675,0.04999999999999999,9.0,107,0.0,rebalance
2026-07-02,CRM,BUY,163.0,1674.218793615375,0.04999999999999999,10.0,107,0.0,rebalance
2026-07-02,KVUE,BUY,19.265258510498626,9521.29377847434,0.04999999999999999,11.0,107,0.0,rebalance
2026-07-02,ALGN,BUY,183.11000061035156,515.6124665551561,0.04999999999999999,12.0,107,0.0,rebalance
2026-07-02,GD,BUY,365.30999755859375,129.7400172922944,0.04999999999999999,13.0,107,0.0,rebalance
2026-07-02,DIS,BUY,96.4000015258789,428.5448133522659,0.04999999999999999,14.0,107,0.0,rebalance
2026-07-02,PSX,BUY,175.070805642794,550.9984148965268,0.04999999999999999,15.0,107,0.0,rebalance
2026-07-02,EXPE,BUY,265.57000732421875,1170.3997486864428,0.04999999999999999,16.0,107,0.0,rebalance
2026-07-02,AMGN,BUY,362.6208346496683,40.589386411052146,0.04999999999999999,17.0,107,0.0,rebalance
2026-07-02,CMI,BUY,680.4671534105756,2756.0803206639666,0.04999999999999999,18.0,107,0.0,rebalance
2026-07-02,TXT,BUY,92.30000305175781,302.9771012268211,0.04999999999999999,19.0,107,0.0,rebalance
2026-07-02,OKE,BUY,85.62901609122251,1130.8466087971283,0.04999999999999999,20.0,107,0.0,rebalance
2026-07-22,HST,TAKE_PROFIT,24.450000762939453,79711.3532351403,0.0,,0,0.8026360564604307,risk_exit
2026-07-24,DGX,TAKE_PROFIT,228.0,8668.242098316246,0.0,,0,0.9015325552588345,risk_exit
2026-08-12,PSX,TAKE_PROFIT,220.06199811203564,10712.214834886307,0.0,,0,0.796392624013434,risk_exit
2026-08-17,EXPE,TAKE_PROFIT,330.5,7061.621880493747,0.0,,0,0.8027017550649347,risk_exit
